FirstName,LastName,Email,Country,City,ZipCode
Suellen,Abramson,SuellenCAbramson@gmail.com,New Zealand,Auckland,1010
Barbara,Rodrigues,BarbaraCRodrigues@gmail.com,New Zealand,Auckland,1010
James,Heiss,JamesGHeiss@gmail.com,New Zealand,Auckland,1010
Deborah,Spencer,DeborahBSpencer@gmail.com,New Zealand,Auckland,1010
Cletus,Lucas,CletusTLucas@gmail.com,New Zealand,Auckland,1010
Alice,Thompson,AliceTThompson@gmail.com,New Zealand,Auckland,1010
Manuel,Edwards,ManuelSEdwards@gmail.com,New Zealand,Auckland,1010
Ruth,Morgan,RuthOMorgan@gmail.com,New Zealand,Auckland,1010
Peter,Riddle,PeterLRiddle@gmail.com,New Zealand,Auckland,1010
Joshua,Lott,JoshuaCLott@gmail.com,New Zealand,Auckland,1010
Scott,Sylvester,ScottCSylvester@gmail.com,New Zealand,Auckland,1010
Eddie,Rodriguez,EddieKRodriguez@gmail.com,New Zealand,Auckland,1010
Ivy,Hernandez,IvyRHernandez@gmail.com,New Zealand,Auckland,1010
Eric,Lehr,EricLLehr@gmail.com,New Zealand,Auckland,1010
James,Riordan,JamesSRiordan@gmail.com,New Zealand,Auckland,1010
Katherine,Solis,KatherineRSolis@gmail.com,New Zealand,Auckland,1010
Jimmie,Moody,JimmieCMoody@gmail.com,New Zealand,Auckland,1010
Tammy,Giles,TammyAGiles@gmail.com,New Zealand,Auckland,1010
Leonard,Cook,LeonardKCook@gmail.com,New Zealand,Auckland,1010
John,Barnes,JohnEBarnes@gmail.com,New Zealand,Auckland,1010
Iris,Smith,IrisJSmith@gmail.com,New Zealand,Auckland,1010
William,Gonzales,WilliamDGonzales@gmail.com,New Zealand,Auckland,1010
Patrick,Hendry,PatrickSHendry@gmail.com,New Zealand,Auckland,1010
Nancy,Beatty,NancyHBeatty@gmail.com,New Zealand,Auckland,1010
Edward,Bender,EdwardBBender@gmail.com,New Zealand,Auckland,1010
Robert,Thompson,RobertBThompson@gmail.com,New Zealand,Auckland,1010
Angela,Montoya,AngelaDMontoya@gmail.com,New Zealand,Auckland,1010
Peter,Bouchard,PeterMBouchard@gmail.com,New Zealand,Auckland,1010
Desiree,Smith,DesireeRSmith@gmail.com,New Zealand,Auckland,1010
April,Silva,AprilJSilva@gmail.com,New Zealand,Auckland,1010
Kristin,Griffith,KristinJGriffith@gmail.com,New Zealand,Auckland,1010
William,Lewis,WilliamRLewis@gmail.com,New Zealand,Auckland,1010
Roy,Tubbs,RoyHTubbs@gmail.com,New Zealand,Auckland,1010
Michael,Hua,MichaelMHua@gmail.com,New Zealand,Auckland,1010
William,Caldwell,WilliamBCaldwell@gmail.com,New Zealand,Auckland,1010
Willie,Fett,WillieGFett@gmail.com,New Zealand,Auckland,1010
Maxine,Hancock,MaxineMHancock@gmail.com,New Zealand,Auckland,1010
Keith,Meyer,KeithCMeyer@gmail.com,New Zealand,Auckland,1010
Ashley,Nelson,AshleyENelson@gmail.com,New Zealand,Auckland,1010
Maryjane,Howard,MaryjaneAHoward@gmail.com,New Zealand,Auckland,1010
Nicole,Dillon,NicoleKDillon@gmail.com,New Zealand,Auckland,1010
Deborah,Smith,DeborahJSmith@gmail.com,New Zealand,Auckland,1010
Ellan,Stlaurent,EllanWStlaurent@gmail.com,New Zealand,Auckland,1010
Patricia,West,PatriciaRWest@gmail.com,New Zealand,Auckland,1010
Mary,Moore,MaryJMoore@gmail.com,New Zealand,Auckland,1010
Celeste,Fuller,CelesteDFuller@gmail.com,New Zealand,Auckland,1010
Frederick,Crawford,FrederickCCrawford@gmail.com,New Zealand,Auckland,1010
Daniel,Watson,DanielAWatson@gmail.com,New Zealand,Auckland,1010
Mary,Spears,MaryRSpears@gmail.com,New Zealand,Auckland,1010
Loraine,Benjamin,LoraineHBenjamin@gmail.com,New Zealand,Auckland,1010
Louis,Coleman,LouisMColeman@gmail.com,New Zealand,Auckland,1010
Tracey,Weston,TraceyAWeston@gmail.com,New Zealand,Auckland,1010
Gladys,Feather,GladysGFeather@gmail.com,New Zealand,Auckland,1010
Daryl,Goodwin,DarylBGoodwin@gmail.com,New Zealand,Auckland,1010
Candida,Smith,CandidaBSmith@gmail.com,New Zealand,Auckland,1010
Valerie,Fletcher,ValerieBFletcher@gmail.com,New Zealand,Auckland,1010
Troy,Griffith,TroyBGriffith@gmail.com,New Zealand,Auckland,1010
Kenneth,Day,KennethJDay@gmail.com,New Zealand,Auckland,1010
Christi,Copley,ChristiECopley@gmail.com,New Zealand,Auckland,1010
Jennifer,Harvey,JenniferRHarvey@gmail.com,New Zealand,Auckland,1010
Eric,Ramer,EricHRamer@gmail.com,New Zealand,Auckland,1010
David,Velez,DavidMVelez@gmail.com,New Zealand,Auckland,1010
Christopher,Ripley,ChristopherCRipley@gmail.com,New Zealand,Auckland,1010
Clyde,Bronson,ClydeCBronson@gmail.com,New Zealand,Auckland,1010
Deborah,Shields,DeborahAShields@gmail.com,New Zealand,Auckland,1010
Sierra,Mulloy,SierraNMulloy@gmail.com,New Zealand,Auckland,1010
Margarita,Suiter,MargaritaWSuiter@gmail.com,New Zealand,Auckland,1010
Yvonne,Taylor,YvonneJTaylor@gmail.com,New Zealand,Auckland,1010
Larry,Hungerford,LarryRHungerford@gmail.com,New Zealand,Auckland,1010
Brian,Whitehead,BrianMWhitehead@gmail.com,New Zealand,Auckland,1010
Michael,Cho,MichaelLCho@gmail.com,New Zealand,Auckland,1010
Sharon,Hurlbut,SharonJHurlbut@gmail.com,New Zealand,Auckland,1010
Erica,Gallagher,EricaRGallagher@gmail.com,New Zealand,Auckland,1010
Gary,Hinman,GaryJHinman@gmail.com,New Zealand,Auckland,1010
Heather,Perkins,HeatherEPerkins@gmail.com,New Zealand,Auckland,1010
Shaun,Klopp,ShaunJKlopp@gmail.com,New Zealand,Auckland,1010
Brenda,Keegan,BrendaFKeegan@gmail.com,New Zealand,Auckland,1010
Janice,Davis,JaniceRDavis@gmail.com,New Zealand,Auckland,1010
Cathy,Pyles,CathyLPyles@gmail.com,New Zealand,Auckland,1010
Andrew,Branson,AndrewRBranson@gmail.com,New Zealand,Auckland,1010
Cynthia,Climer,CynthiaJClimer@gmail.com,New Zealand,Auckland,1010
Alexis,Price,AlexisJPrice@gmail.com,New Zealand,Auckland,1010
Brenda,Henderson,BrendaRHenderson@gmail.com,New Zealand,Auckland,1010
Annette,Winger,AnnetteJWinger@gmail.com,New Zealand,Auckland,1010
Charles,Houchin,CharlesTHouchin@gmail.com,New Zealand,Auckland,1010
Eloise,Wright,EloiseAWright@gmail.com,New Zealand,Auckland,1010
Stella,Edenfield,StellaJEdenfield@gmail.com,New Zealand,Auckland,1010
John,Gordon,JohnRGordon@gmail.com,New Zealand,Auckland,1010
Jeffrey,Jarman,JeffreyMJarman@gmail.com,New Zealand,Auckland,1010
Lakeshia,Hughes,LakeshiaJHughes@gmail.com,New Zealand,Auckland,1010
Mildred,Greene,MildredJGreene@gmail.com,New Zealand,Auckland,1010
Jennifer,Barron,JenniferSBarron@gmail.com,New Zealand,Auckland,1010
Raymond,Bell,RaymondABell@gmail.com,New Zealand,Auckland,1010
Catherine,Wheeler,CatherineLWheeler@gmail.com,New Zealand,Auckland,1010
Timothy,Urban,TimothyAUrban@gmail.com,New Zealand,Auckland,1010
Kristopher,Roman,KristopherCRoman@gmail.com,New Zealand,Auckland,1010
Deborah,Walkowiak,DeborahGWalkowiak@gmail.com,New Zealand,Auckland,1010
Katherine,Butcher,KatherineCButcher@gmail.com,New Zealand,Auckland,1010
Tameka,Tyson,TamekaCTyson@gmail.com,New Zealand,Auckland,1010
Beatriz,Olson,BeatrizSOlson@gmail.com,New Zealand,Auckland,1010
Mary,Robinson,MaryWRobinson@gmail.com,New Zealand,Auckland,1010
Cynthia,Morgan,CynthiaJMorgan@gmail.com,New Zealand,Auckland,1010
Carol,Brooks,CarolPBrooks@gmail.com,New Zealand,Auckland,1010
Mark,Newton,MarkFNewton@gmail.com,New Zealand,Auckland,1010
Flora,Patrick,FloraNPatrick@gmail.com,New Zealand,Auckland,1010
Stephanie,Rogers,StephanieDRogers@gmail.com,New Zealand,Auckland,1010
Fred,Parr,FredMParr@gmail.com,New Zealand,Auckland,1010
Daniel,Wren,DanielLWren@gmail.com,New Zealand,Auckland,1010
Brent,Griffith,BrentBGriffith@gmail.com,New Zealand,Auckland,1010
Michael,Vallejos,MichaelKVallejos@gmail.com,New Zealand,Auckland,1010
Melissa,Whitaker,MelissaNWhitaker@gmail.com,New Zealand,Auckland,1010
Christopher,Hudson,ChristopherMHudson@gmail.com,New Zealand,Auckland,1010
Christina,Stokes,ChristinaBStokes@gmail.com,New Zealand,Auckland,1010
Shannon,Oster,ShannonCOster@gmail.com,New Zealand,Auckland,1010
George,Hendrickson,GeorgeKHendrickson@gmail.com,New Zealand,Auckland,1010
John,Duhart,JohnMDuhart@gmail.com,New Zealand,Auckland,1010
Diana,Stapleton,DianaAStapleton@gmail.com,New Zealand,Auckland,1010
Gilberto,Alexander,GilbertoSAlexander@gmail.com,New Zealand,Auckland,1010
Travis,Johnson,TravisRJohnson@gmail.com,New Zealand,Auckland,1010
Antonia,Raby,AntoniaRRaby@gmail.com,New Zealand,Auckland,1010
Terry,Blanton,TerryPBlanton@gmail.com,New Zealand,Auckland,1010
Brandy,Cummins,BrandyJCummins@gmail.com,New Zealand,Auckland,1010
Michelle,Chavez,MichelleJChavez@gmail.com,New Zealand,Auckland,1010
Carlos,Huff,CarlosAHuff@gmail.com,New Zealand,Auckland,1010
Kevin,Degarmo,KevinADegarmo@gmail.com,New Zealand,Auckland,1010
Minnie,Girard,MinnieCGirard@gmail.com,New Zealand,Auckland,1010
Joshua,Higby,JoshuaCHigby@gmail.com,New Zealand,Auckland,1010
Ambrose,Rogers,AmbroseDRogers@gmail.com,New Zealand,Auckland,1010
David,Moore,DavidRMoore@gmail.com,New Zealand,Auckland,1010
Peter,Walker,PeterFWalker@gmail.com,New Zealand,Auckland,1010
Joshua,Moore,JoshuaAMoore@gmail.com,New Zealand,Auckland,1010
Ellis,Willaims,EllisCWillaims@gmail.com,New Zealand,Auckland,1010
Marcia,Ward,MarciaTWard@gmail.com,New Zealand,Auckland,1010
Patricia,Stanfield,PatriciaDStanfield@gmail.com,New Zealand,Auckland,1010
Paul,Begley,PaulLBegley@gmail.com,New Zealand,Auckland,1010
Arlene,Parish,ArleneJParish@gmail.com,New Zealand,Auckland,1010
David,Smith,DavidJSmith@gmail.com,New Zealand,Auckland,1010
Loretta,Beauchamp,LorettaJBeauchamp@gmail.com,New Zealand,Auckland,1010
Walter,Cintron,WalterMCintron@gmail.com,New Zealand,Auckland,1010
Darlene,Abbott,DarleneTAbbott@gmail.com,New Zealand,Auckland,1010
Charlie,Reed,CharlieLReed@gmail.com,New Zealand,Auckland,1010
Thomas,Perez,ThomasCPerez@gmail.com,New Zealand,Auckland,1010
Bernice,Roberts,BernicePRoberts@gmail.com,New Zealand,Auckland,1010
Priscilla,Miller,PriscillaLMiller@gmail.com,New Zealand,Auckland,1010
David,Trueman,DavidKTrueman@gmail.com,New Zealand,Auckland,1010
Jose,Wright,JoseEWright@gmail.com,New Zealand,Auckland,1010
Jeffery,Bouchard,JefferyHBouchard@gmail.com,New Zealand,Auckland,1010
Douglas,Pearce,DouglasKPearce@gmail.com,New Zealand,Auckland,1010
Doris,Stinson,DorisFStinson@gmail.com,New Zealand,Auckland,1010
Chase,Hannah,ChaseBHannah@gmail.com,New Zealand,Auckland,1010
Ebony,Bender,EbonyCBender@gmail.com,New Zealand,Auckland,1010
Diane,Whitson,DianeWWhitson@gmail.com,New Zealand,Auckland,1010
Melanie,Wagner,MelanieRWagner@gmail.com,New Zealand,Auckland,1010
Charles,Frazier,CharlesTFrazier@gmail.com,New Zealand,Auckland,1010
Daniel,Larosa,DanielELarosa@gmail.com,New Zealand,Auckland,1010
Pamela,Perillo,PamelaEPerillo@gmail.com,New Zealand,Auckland,1010
Leslie,Ousley,LeslieJOusley@gmail.com,New Zealand,Auckland,1010
Glen,Donaldson,GlenSDonaldson@gmail.com,New Zealand,Auckland,1010
Michele,Alexander,MicheleMAlexander@gmail.com,New Zealand,Auckland,1010
Steven,Austin,StevenAAustin@gmail.com,New Zealand,Auckland,1010
Dominic,Irvin,DominicPIrvin@gmail.com,New Zealand,Auckland,1010
Gladys,Moffat,GladysRMoffat@gmail.com,New Zealand,Auckland,1010
Michael,Dykes,MichaelEDykes@gmail.com,New Zealand,Auckland,1010
Geneva,Ellis,GenevaGEllis@gmail.com,New Zealand,Auckland,1010
Saul,Hafer,SaulJHafer@gmail.com,New Zealand,Auckland,1010
Ivan,Hardy,IvanCHardy@gmail.com,New Zealand,Auckland,1010
Raymond,Green,RaymondBGreen@gmail.com,New Zealand,Auckland,1010
Robert,Robinson,RobertSRobinson@gmail.com,New Zealand,Auckland,1010
Frances,Delgado,FrancesMDelgado@gmail.com,New Zealand,Auckland,1010
Marc,Ramos,MarcNRamos@gmail.com,New Zealand,Auckland,1010
Cindy,Pham,CindyMPham@gmail.com,New Zealand,Auckland,1010
Colleen,Carter,ColleenDCarter@gmail.com,New Zealand,Auckland,1010
Aaron,Guerra,AaronJGuerra@gmail.com,New Zealand,Auckland,1010
Billy,Marsh,BillyHMarsh@gmail.com,New Zealand,Auckland,1010
Norma,Bernier,NormaPBernier@gmail.com,New Zealand,Auckland,1010
Harold,Morris,HaroldCMorris@gmail.com,New Zealand,Auckland,1010
Cleo,Gallagher,CleoCGallagher@gmail.com,New Zealand,Auckland,1010
Anita,Magnusson,AnitaWMagnusson@gmail.com,New Zealand,Auckland,1010
Nathan,Marcano,NathanLMarcano@gmail.com,New Zealand,Auckland,1010
Denna,Martin,DennaDMartin@gmail.com,New Zealand,Auckland,1010
Caroline,Terrell,CarolineJTerrell@gmail.com,New Zealand,Auckland,1010
Carrie,Hopkins,CarrieRHopkins@gmail.com,New Zealand,Auckland,1010
Amanda,Lewis,AmandaCLewis@gmail.com,New Zealand,Auckland,1010
Jan,Johnson,JanRJohnson@gmail.com,New Zealand,Auckland,1010
Cynthia,Garcia,CynthiaJGarcia@gmail.com,New Zealand,Auckland,1010
Margaret,Means,MargaretPMeans@gmail.com,New Zealand,Auckland,1010
Louise,Robinson,LouiseCRobinson@gmail.com,New Zealand,Auckland,1010
Audrey,Wong,AudreyLWong@gmail.com,New Zealand,Auckland,1010
William,Drakes,WilliamCDrakes@gmail.com,New Zealand,Auckland,1010
Clinton,Lopez,ClintonNLopez@gmail.com,New Zealand,Auckland,1010
Liza,Ibarra,LizaJIbarra@gmail.com,New Zealand,Auckland,1010
Michelle,Holcomb,MichelleCHolcomb@gmail.com,New Zealand,Auckland,1010
Robert,Taylor,RobertBTaylor@gmail.com,New Zealand,Auckland,1010
Janet,Franklin,JanetBFranklin@gmail.com,New Zealand,Auckland,1010
Judy,McCrae,JudyFMcCrae@gmail.com,New Zealand,Auckland,1010
Donald,Thompson,DonaldFThompson@gmail.com,New Zealand,Auckland,1010
James,Faulkner,JamesEFaulkner@gmail.com,New Zealand,Auckland,1010
Eric,Browning,EricSBrowning@gmail.com,New Zealand,Auckland,1010
Florence,Andersen,FlorenceSAndersen@gmail.com,New Zealand,Auckland,1010
Jean,Dendy,JeanRDendy@gmail.com,New Zealand,Auckland,1010
Billy,Pitts,BillySPitts@gmail.com,New Zealand,Auckland,1010
Christopher,Henson,ChristopherLHenson@gmail.com,New Zealand,Auckland,1010
Rosa,Fournier,RosaTFournier@gmail.com,New Zealand,Auckland,1010
Rebecca,Cormier,RebeccaSCormier@gmail.com,New Zealand,Auckland,1010
Margaret,Wheeler,MargaretJWheeler@gmail.com,New Zealand,Auckland,1010
Terry,Broach,TerryJBroach@gmail.com,New Zealand,Auckland,1010
Alisha,Lee,AlishaELee@gmail.com,New Zealand,Auckland,1010
Timothy,Smith,TimothyASmith@gmail.com,New Zealand,Auckland,1010
John,Hixson,JohnCHixson@gmail.com,New Zealand,Auckland,1010
Ricardo,Schaefer,RicardoESchaefer@gmail.com,New Zealand,Auckland,1010
Clara,Cantu,ClaraTCantu@gmail.com,New Zealand,Auckland,1010
Tracy,Aparicio,TracyCAparicio@gmail.com,New Zealand,Auckland,1010
Jesse,Ange,JesseJAnge@gmail.com,New Zealand,Auckland,1010
Jesse,Maier,JesseJMaier@gmail.com,New Zealand,Auckland,1010
Scott,Hankins,ScottLHankins@gmail.com,New Zealand,Auckland,1010
Daniel,Stanley,DanielHStanley@gmail.com,New Zealand,Auckland,1010
Michelle,Moore,MichellePMoore@gmail.com,New Zealand,Auckland,1010
Jeff,Madden,JeffKMadden@gmail.com,New Zealand,Auckland,1010
Charles,Qualls,CharlesRQualls@gmail.com,New Zealand,Auckland,1010
Sharon,Floyd,SharonRFloyd@gmail.com,New Zealand,Auckland,1010
Julie,Larsen,JulieLLarsen@gmail.com,New Zealand,Auckland,1010
Scott,Bland,ScottBBland@gmail.com,New Zealand,Auckland,1010
Michael,Byerly,MichaelLByerly@gmail.com,New Zealand,Auckland,1010
Gertrude,Lewis,GertrudeDLewis@gmail.com,New Zealand,Auckland,1010
John,Norman,JohnJNorman@gmail.com,New Zealand,Auckland,1010
Oscar,Fisher,OscarTFisher@gmail.com,New Zealand,Auckland,1010
Mary,Dickinson,MaryCDickinson@gmail.com,New Zealand,Auckland,1010
Christopher,Jara,ChristopherCJara@gmail.com,New Zealand,Auckland,1010
Seth,Field,SethJField@gmail.com,New Zealand,Auckland,1010
Ralph,Finnegan,RalphJFinnegan@gmail.com,New Zealand,Auckland,1010
Antonio,Pemberton,AntonioRPemberton@gmail.com,New Zealand,Auckland,1010
Randy,Smith,RandyMSmith@gmail.com,New Zealand,Auckland,1010
Carol,Hunter,CarolCHunter@gmail.com,New Zealand,Auckland,1010
Juan,Bowen,JuanGBowen@gmail.com,New Zealand,Auckland,1010
Jesse,Hammes,JesseCHammes@gmail.com,New Zealand,Auckland,1010
Nellie,Majors,NellieSMajors@gmail.com,New Zealand,Auckland,1010
Bernita,Nelson,BernitaGNelson@gmail.com,New Zealand,Auckland,1010
John,Escudero,JohnCEscudero@gmail.com,New Zealand,Auckland,1010
Emory,Dominick,EmoryEDominick@gmail.com,New Zealand,Auckland,1010
Linda,Findley,LindaLFindley@gmail.com,New Zealand,Auckland,1010
Edna,Porter,EdnaBPorter@gmail.com,New Zealand,Auckland,1010
Carolina,McKim,CarolinaRMcKim@gmail.com,New Zealand,Auckland,1010
Cynthia,Becker,CynthiaDBecker@gmail.com,New Zealand,Auckland,1010
Carlos,Hilley,CarlosKHilley@gmail.com,New Zealand,Auckland,1010
Cara,Rodriguez,CaraBRodriguez@gmail.com,New Zealand,Auckland,1010
Amanda,Miller,AmandaJMiller@gmail.com,New Zealand,Auckland,1010
Nora,Montgomery,NoraJMontgomery@gmail.com,New Zealand,Auckland,1010
Melissa,Goodwin,MelissaJGoodwin@gmail.com,New Zealand,Auckland,1010
Justin,Daniels,JustinKDaniels@gmail.com,New Zealand,Auckland,1010
Jennie,Jackson,JennieMJackson@gmail.com,New Zealand,Auckland,1010
David,Gray,DavidSGray@gmail.com,New Zealand,Auckland,1010
Miguel,Sullivan,MiguelNSullivan@gmail.com,New Zealand,Auckland,1010
Barbara,Macdonald,BarbaraRMacdonald@gmail.com,New Zealand,Auckland,1010
Mary,Breeden,MaryJBreeden@gmail.com,New Zealand,Auckland,1010
Jerry,Streeter,JerryBStreeter@gmail.com,New Zealand,Auckland,1010
Irene,McCormick,IreneMMcCormick@gmail.com,New Zealand,Auckland,1010
Cheryl,Branson,CherylJBranson@gmail.com,New Zealand,Auckland,1010
Mariela,Garcia,MarielaKGarcia@gmail.com,New Zealand,Auckland,1010
Beth,Deaton,BethKDeaton@gmail.com,New Zealand,Auckland,1010
Jane,Becker,JanePBecker@gmail.com,New Zealand,Auckland,1010
Dwight,Jenkins,DwightRJenkins@gmail.com,New Zealand,Auckland,1010
Betty,Newburn,BettyQNewburn@gmail.com,New Zealand,Auckland,1010
Marc,Espinosa,MarcKEspinosa@gmail.com,New Zealand,Auckland,1010
Warren,Beekman,WarrenBBeekman@gmail.com,New Zealand,Auckland,1010
Ella,Freund,EllaJFreund@gmail.com,New Zealand,Auckland,1010
Joshua,Simmons,JoshuaNSimmons@gmail.com,New Zealand,Auckland,1010
Philip,Farrow,PhilipBFarrow@gmail.com,New Zealand,Auckland,1010
Marta,Powley,MartaJPowley@gmail.com,New Zealand,Auckland,1010
William,Wilber,WilliamKWilber@gmail.com,New Zealand,Auckland,1010
Rickey,Stpierre,RickeyKStpierre@gmail.com,New Zealand,Auckland,1010
Jose,Buckley,JoseLBuckley@gmail.com,New Zealand,Auckland,1010
Judith,Oakes,JudithEOakes@gmail.com,New Zealand,Auckland,1010
Teresa,Shepard,TeresaCShepard@gmail.com,New Zealand,Auckland,1010
Edna,Ohara,EdnaCOhara@gmail.com,New Zealand,Auckland,1010
Joanne,Barker,JoanneEBarker@gmail.com,New Zealand,Auckland,1010
Seth,Perry,SethJPerry@gmail.com,New Zealand,Auckland,1010
Peter,Moshier,PeterMMoshier@gmail.com,New Zealand,Auckland,1010
Johnna,Bynum,JohnnaRBynum@gmail.com,New Zealand,Auckland,1010
Wallace,Farmer,WallaceSFarmer@gmail.com,New Zealand,Auckland,1010
Antonio,Howard,AntonioJHoward@gmail.com,New Zealand,Auckland,1010
Anthony,Heller,AnthonyCHeller@gmail.com,New Zealand,Auckland,1010
Sherrie,Nolan,SherrieNNolan@gmail.com,New Zealand,Auckland,1010
Sandra,Ewen,SandraEEwen@gmail.com,New Zealand,Auckland,1010
Virginia,Maloney,VirginiaBMaloney@gmail.com,New Zealand,Auckland,1010
Marsha,Riddle,MarshaWRiddle@gmail.com,New Zealand,Auckland,1010
Michael,Jackson,MichaelBJackson@gmail.com,New Zealand,Auckland,1010
Terisa,Gragg,TerisaLGragg@gmail.com,New Zealand,Auckland,1010
Lloyd,Ferland,LloydLFerland@gmail.com,New Zealand,Auckland,1010
Carolyn,Lee,CarolynNLee@gmail.com,New Zealand,Auckland,1010
Jonathan,Jackson,JonathanKJackson@gmail.com,New Zealand,Auckland,1010
Matthew,Scott,MatthewLScott@gmail.com,New Zealand,Auckland,1010
Jason,French,JasonAFrench@gmail.com,New Zealand,Auckland,1010
Phoebe,Chapman,PhoebeDChapman@gmail.com,New Zealand,Auckland,1010
Francis,Wells,FrancisBWells@gmail.com,New Zealand,Auckland,1010
Roger,Leonard,RogerCLeonard@gmail.com,New Zealand,Auckland,1010
Dayna,Bobadilla,DaynaRBobadilla@gmail.com,New Zealand,Auckland,1010
Shawn,Hull,ShawnMHull@gmail.com,New Zealand,Auckland,1010
Katherine,Katz,KatherineLKatz@gmail.com,New Zealand,Auckland,1010
Lila,Meinhardt,LilaDMeinhardt@gmail.com,New Zealand,Auckland,1010
James,Godines,JamesMGodines@gmail.com,New Zealand,Auckland,1010
Robert,Lee,RobertMLee@gmail.com,New Zealand,Auckland,1010
Patricia,McCleskey,PatriciaMMcCleskey@gmail.com,New Zealand,Auckland,1010
Edward,Gardner,EdwardMGardner@gmail.com,New Zealand,Auckland,1010
John,Vavra,JohnLVavra@gmail.com,New Zealand,Auckland,1010
Donna,Craner,DonnaLCraner@gmail.com,New Zealand,Auckland,1010
Jeffrey,Gaylor,JeffreyRGaylor@gmail.com,New Zealand,Auckland,1010
Melvin,Anderson,MelvinSAnderson@gmail.com,New Zealand,Auckland,1010
Nicole,Numbers,NicoleTNumbers@gmail.com,New Zealand,Auckland,1010
Alana,Nelson,AlanaFNelson@gmail.com,New Zealand,Auckland,1010
Matthew,Christiano,MatthewFChristiano@gmail.com,New Zealand,Auckland,1010
April,Bess,AprilMBess@gmail.com,New Zealand,Auckland,1010
Shirley,Hill,ShirleyRHill@gmail.com,New Zealand,Auckland,1010
Mayra,Huerta,MayraCHuerta@gmail.com,New Zealand,Auckland,1010
Deborah,Melendez,DeborahJMelendez@gmail.com,New Zealand,Auckland,1010
Larry,Rosario,LarrySRosario@gmail.com,New Zealand,Auckland,1010
John,Wade,JohnPWade@gmail.com,New Zealand,Auckland,1010
Andy,Chalfant,AndyTChalfant@gmail.com,New Zealand,Auckland,1010
Edward,Turnbow,EdwardPTurnbow@gmail.com,New Zealand,Auckland,1010
Wanda,West,WandaJWest@gmail.com,New Zealand,Auckland,1010
Adolph,Rosinski,AdolphRRosinski@gmail.com,New Zealand,Auckland,1010
Cristy,Olivera,CristyEOlivera@gmail.com,New Zealand,Auckland,1010
Terry,Pomeroy,TerryGPomeroy@gmail.com,New Zealand,Auckland,1010
Enedina,Bentley,EnedinaRBentley@gmail.com,New Zealand,Auckland,1010
Mary,Spivey,MarySSpivey@gmail.com,New Zealand,Auckland,1010
Emma,Sousa,EmmaJSousa@gmail.com,New Zealand,Auckland,1010
Bruce,Thompson,BruceLThompson@gmail.com,New Zealand,Auckland,1010
Angela,Cook,AngelaJCook@gmail.com,New Zealand,Auckland,1010
Clarence,Calkins,ClarenceHCalkins@gmail.com,New Zealand,Auckland,1010
Johnnie,Mixon,JohnnieLMixon@gmail.com,New Zealand,Auckland,1010
Tyrone,Standish,TyroneKStandish@gmail.com,New Zealand,Auckland,1010
Eric,Moore,EricMMoore@gmail.com,New Zealand,Auckland,1010
James,Knott,JamesGKnott@gmail.com,New Zealand,Auckland,1010
Justin,Pierson,JustinWPierson@gmail.com,New Zealand,Auckland,1010
Kathrine,Johnson,KathrineRJohnson@gmail.com,New Zealand,Auckland,1010
Michael,Crowson,MichaelHCrowson@gmail.com,New Zealand,Auckland,1010
Angela,Self,AngelaFSelf@gmail.com,New Zealand,Auckland,1010
Edward,Butler,EdwardHButler@gmail.com,New Zealand,Auckland,1010
Susan,Young,SusanCYoung@gmail.com,New Zealand,Auckland,1010
Kindra,Sturdivant,KindraRSturdivant@gmail.com,New Zealand,Auckland,1010
Harriet,Yother,HarrietTYother@gmail.com,New Zealand,Auckland,1010
Carolyn,Freeman,CarolynGFreeman@gmail.com,New Zealand,Auckland,1010
Ernest,Norris,ErnestSNorris@gmail.com,New Zealand,Auckland,1010
Bradley,Dang,BradleyLDang@gmail.com,New Zealand,Auckland,1010
Lilly,Paisley,LillyRPaisley@gmail.com,New Zealand,Auckland,1010
Linda,Mikkelson,LindaEMikkelson@gmail.com,New Zealand,Auckland,1010
Tiffany,Savoy,TiffanyRSavoy@gmail.com,New Zealand,Auckland,1010
Wilma,Bittner,WilmaHBittner@gmail.com,New Zealand,Auckland,1010
Adam,Beatty,AdamRBeatty@gmail.com,New Zealand,Auckland,1010
David,Oliver,DavidPOliver@gmail.com,New Zealand,Auckland,1010
Colleen,Wright,ColleenLWright@gmail.com,New Zealand,Auckland,1010
Wyatt,Tarango,WyattOTarango@gmail.com,New Zealand,Auckland,1010
Jonathan,Englehart,JonathanVEnglehart@gmail.com,New Zealand,Auckland,1010
George,Terhune,GeorgeDTerhune@gmail.com,New Zealand,Auckland,1010
Debra,Sowell,DebraJSowell@gmail.com,New Zealand,Auckland,1010
Lori,Haskin,LoriHHaskin@gmail.com,New Zealand,Auckland,1010
Philip,Hunter,PhilipJHunter@gmail.com,New Zealand,Auckland,1010
Catherine,Bray,CatherineLBray@gmail.com,New Zealand,Auckland,1010
Carrie,Craig,CarrieBCraig@gmail.com,New Zealand,Auckland,1010
Antony,Westgate,AntonyJWestgate@gmail.com,New Zealand,Auckland,1010
Karissa,Thomas,KarissaBThomas@gmail.com,New Zealand,Auckland,1010
Beatrice,Freeman,BeatriceRFreeman@gmail.com,New Zealand,Auckland,1010
Michael,Barnes,MichaelNBarnes@gmail.com,New Zealand,Auckland,1010
Carmen,Vinson,CarmenTVinson@gmail.com,New Zealand,Auckland,1010
Annie,Walker,AnnieCWalker@gmail.com,New Zealand,Auckland,1010
Thomas,Scoggins,ThomasMScoggins@gmail.com,New Zealand,Auckland,1010
Chester,Armour,ChesterEArmour@gmail.com,New Zealand,Auckland,1010
Alyssa,Owens,AlyssaLOwens@gmail.com,New Zealand,Auckland,1010
David,Boaz,DavidMBoaz@gmail.com,New Zealand,Auckland,1010
Beatrice,Dickey,BeatriceTDickey@gmail.com,New Zealand,Auckland,1010
Austin,Demby,AustinADemby@gmail.com,New Zealand,Auckland,1010
Marie,Garcia,MarieMGarcia@gmail.com,New Zealand,Auckland,1010
Ivan,Moran,IvanJMoran@gmail.com,New Zealand,Auckland,1010
Joseph,Stigall,JosephEStigall@gmail.com,New Zealand,Auckland,1010
Elvin,Hanna,ElvinLHanna@gmail.com,New Zealand,Auckland,1010
Ruth,Herrera,RuthDHerrera@gmail.com,New Zealand,Auckland,1010
William,Payne,WilliamMPayne@gmail.com,New Zealand,Auckland,1010
Peter,Langworthy,PeterCLangworthy@gmail.com,New Zealand,Auckland,1010
Charles,Devita,CharlesRDevita@gmail.com,New Zealand,Auckland,1010
Blanca,Mann,BlancaRMann@gmail.com,New Zealand,Auckland,1010
Dyan,Hill,DyanDHill@gmail.com,New Zealand,Auckland,1010
Marie,Fulton,MarieCFulton@gmail.com,New Zealand,Auckland,1010
Michael,Gillon,MichaelSGillon@gmail.com,New Zealand,Auckland,1010
Elizabeth,Jones,ElizabethTJones@gmail.com,New Zealand,Auckland,1010
Myrtis,Richter,MyrtisJRichter@gmail.com,New Zealand,Auckland,1010
Patricia,Akins,PatriciaDAkins@gmail.com,New Zealand,Auckland,1010
Aaron,McCarthy,AaronDMcCarthy@gmail.com,New Zealand,Auckland,1010
Irene,Hale,IreneFHale@gmail.com,New Zealand,Auckland,1010
Thelma,Hanrahan,ThelmaJHanrahan@gmail.com,New Zealand,Auckland,1010
Richard,Griego,RichardAGriego@gmail.com,New Zealand,Auckland,1010
Kenneth,Mickelsen,KennethJMickelsen@gmail.com,New Zealand,Auckland,1010
Robert,Blake,RobertCBlake@gmail.com,New Zealand,Auckland,1010
Lela,Silvester,LelaNSilvester@gmail.com,New Zealand,Auckland,1010
Patrice,Sotelo,PatriceJSotelo@gmail.com,New Zealand,Auckland,1010
Mark,Jones,MarkMJones@gmail.com,New Zealand,Auckland,1010
Jillian,Lopez,JillianBLopez@gmail.com,New Zealand,Auckland,1010
Keith,Davis,KeithDDavis@gmail.com,New Zealand,Auckland,1010
Susan,Trotter,SusanATrotter@gmail.com,New Zealand,Auckland,1010
Clarence,Norris,ClarenceSNorris@gmail.com,New Zealand,Auckland,1010
Thomas,Webster,ThomasPWebster@gmail.com,New Zealand,Auckland,1010
Carole,Murry,CaroleIMurry@gmail.com,New Zealand,Auckland,1010
Eleanor,Bryant,EleanorEBryant@gmail.com,New Zealand,Auckland,1010
Gilda,Dorsey,GildaRDorsey@gmail.com,New Zealand,Auckland,1010
Alicia,Gutierrez,AliciaWGutierrez@gmail.com,New Zealand,Auckland,1010
Oliver,Nation,OliverLNation@gmail.com,New Zealand,Auckland,1010
Clifford,Nakano,CliffordLNakano@gmail.com,New Zealand,Auckland,1010
Robert,Russell,RobertHRussell@gmail.com,New Zealand,Auckland,1010
Rosa,Anspach,RosaVAnspach@gmail.com,New Zealand,Auckland,1010
Elsa,Ramsdell,ElsaERamsdell@gmail.com,New Zealand,Auckland,1010
Jeannette,Ray,JeannetteSRay@gmail.com,New Zealand,Auckland,1010
Donald,Miller,DonaldDMiller@gmail.com,New Zealand,Auckland,1010
Pearlie,Sweat,PearlieMSweat@gmail.com,New Zealand,Auckland,1010
Rita,Smith,RitaJSmith@gmail.com,New Zealand,Auckland,1010
Juan,Kehoe,JuanMKehoe@gmail.com,New Zealand,Auckland,1010
Robert,Macdonald,RobertMMacdonald@gmail.com,New Zealand,Auckland,1010
Maria,Hutchins,MariaMHutchins@gmail.com,New Zealand,Auckland,1010
Evelyn,Washington,EvelynGWashington@gmail.com,New Zealand,Auckland,1010
Rebecca,Olivas,RebeccaEOlivas@gmail.com,New Zealand,Auckland,1010
Marvin,Reynolds,MarvinNReynolds@gmail.com,New Zealand,Auckland,1010
Eric,Gravel,EricSGravel@gmail.com,New Zealand,Auckland,1010
Terry,Sutton,TerryESutton@gmail.com,New Zealand,Auckland,1010
Charles,Nuttall,CharlesJNuttall@gmail.com,New Zealand,Auckland,1010
Angelina,Hoyt,AngelinaAHoyt@gmail.com,New Zealand,Auckland,1010
Mary,McGeehan,MaryJMcGeehan@gmail.com,New Zealand,Auckland,1010
Brad,Turner,BradMTurner@gmail.com,New Zealand,Auckland,1010
Sheila,Verduzco,SheilaTVerduzco@gmail.com,New Zealand,Auckland,1010
Patricia,Brown,PatriciaJBrown@gmail.com,New Zealand,Auckland,1010
Nellie,Johnson,NellieMJohnson@gmail.com,New Zealand,Auckland,1010
Shirley,Wheeler,ShirleySWheeler@gmail.com,New Zealand,Auckland,1010
Madeline,Lybarger,MadelineALybarger@gmail.com,New Zealand,Auckland,1010
Jillian,Adams,JillianRAdams@gmail.com,New Zealand,Auckland,1010
James,Kimes,JamesRKimes@gmail.com,New Zealand,Auckland,1010
Steve,Stoneking,SteveMStoneking@gmail.com,New Zealand,Auckland,1010
William,Hogan,WilliamMHogan@gmail.com,New Zealand,Auckland,1010
Yesenia,Lozano,YeseniaWLozano@gmail.com,New Zealand,Auckland,1010
Lynn,Krause,LynnJKrause@gmail.com,New Zealand,Auckland,1010
Douglas,Harvey,DouglasEHarvey@gmail.com,New Zealand,Auckland,1010
Edna,Enoch,EdnaJEnoch@gmail.com,New Zealand,Auckland,1010
Linda,Linscott,LindaRLinscott@gmail.com,New Zealand,Auckland,1010
Rochelle,Michael,RochelleLMichael@gmail.com,New Zealand,Auckland,1010
Wanda,Williams,WandaKWilliams@gmail.com,New Zealand,Auckland,1010
Mayme,Simpson,MaymeJSimpson@gmail.com,New Zealand,Auckland,1010
Reginald,Smith,ReginaldRSmith@gmail.com,New Zealand,Auckland,1010
William,Hassler,WilliamDHassler@gmail.com,New Zealand,Auckland,1010
Jason,Hodges,JasonMHodges@gmail.com,New Zealand,Auckland,1010
Tia,Bergman,TiaJBergman@gmail.com,New Zealand,Auckland,1010
Calvin,Battle,CalvinMBattle@gmail.com,New Zealand,Auckland,1010
Kimberly,Ranger,KimberlyDRanger@gmail.com,New Zealand,Auckland,1010
Lucille,Nelson,LucilleMNelson@gmail.com,New Zealand,Auckland,1010
Thomas,Slater,ThomasDSlater@gmail.com,New Zealand,Auckland,1010
Bridget,Broughton,BridgetJBroughton@gmail.com,New Zealand,Auckland,1010
Sherry,Bankston,SherrySBankston@gmail.com,New Zealand,Auckland,1010
Harold,Lam,HaroldALam@gmail.com,New Zealand,Auckland,1010
Joyce,Davis,JoyceMDavis@gmail.com,New Zealand,Auckland,1010
Calvin,Anderson,CalvinMAnderson@gmail.com,New Zealand,Auckland,1010
Leland,Hudson,LelandPHudson@gmail.com,New Zealand,Auckland,1010
Sandra,Snowden,SandraTSnowden@gmail.com,New Zealand,Auckland,1010
Melissa,Propst,MelissaJPropst@gmail.com,New Zealand,Auckland,1010
Jill,McCombs,JillMMcCombs@gmail.com,New Zealand,Auckland,1010
Cecil,Earl,CecilBEarl@gmail.com,New Zealand,Auckland,1010
Alan,Walsh,AlanAWalsh@gmail.com,New Zealand,Auckland,1010
Theron,Thompson,TheronBThompson@gmail.com,New Zealand,Auckland,1010
Faith,Whitney,FaithAWhitney@gmail.com,New Zealand,Auckland,1010
Florence,Hammonds,FlorenceMHammonds@gmail.com,New Zealand,Auckland,1010
Ruby,Fleury,RubyJFleury@gmail.com,New Zealand,Auckland,1010
Paula,Figueroa,PaulaSFigueroa@gmail.com,New Zealand,Auckland,1010
Connie,Shortridge,ConnieOShortridge@gmail.com,New Zealand,Auckland,1010
Branden,Solomon,BrandenCSolomon@gmail.com,New Zealand,Auckland,1010
Gerald,Larson,GeraldBLarson@gmail.com,New Zealand,Auckland,1010
Robert,Stewart,RobertKStewart@gmail.com,New Zealand,Auckland,1010
Dori,Moreno,DoriMMoreno@gmail.com,New Zealand,Auckland,1010
Vincent,Robinson,VincentMRobinson@gmail.com,New Zealand,Auckland,1010
Sally,Corso,SallyMCorso@gmail.com,New Zealand,Auckland,1010
Mildred,Smith,MildredTSmith@gmail.com,New Zealand,Auckland,1010
Louis,Pratt,LouisEPratt@gmail.com,New Zealand,Auckland,1010
Lois,Perkins,LoisVPerkins@gmail.com,New Zealand,Auckland,1010
Micheal,Gates,MichealJGates@gmail.com,New Zealand,Auckland,1010
Debbie,Rogers,DebbieRRogers@gmail.com,New Zealand,Auckland,1010
Paul,Sherman,PaulPSherman@gmail.com,New Zealand,Auckland,1010
John,Booth,JohnSBooth@gmail.com,New Zealand,Auckland,1010
Patricia,Tucker,PatriciaHTucker@gmail.com,New Zealand,Auckland,1010
Wanda,Britt,WandaPBritt@gmail.com,New Zealand,Auckland,1010
Michael,Amos,MichaelDAmos@gmail.com,New Zealand,Auckland,1010
Thomas,Johnson,ThomasAJohnson@gmail.com,New Zealand,Auckland,1010
Donald,Magee,DonaldDMagee@gmail.com,New Zealand,Auckland,1010
Kim,Ewing,KimEEwing@gmail.com,New Zealand,Auckland,1010
Erica,Wisdom,EricaRWisdom@gmail.com,New Zealand,Auckland,1010
Mark,Phelps,MarkKPhelps@gmail.com,New Zealand,Auckland,1010
Mildred,Cousins,MildredSCousins@gmail.com,New Zealand,Auckland,1010
Emma,Major,EmmaKMajor@gmail.com,New Zealand,Auckland,1010
Roxanne,Nixon,RoxanneRNixon@gmail.com,New Zealand,Auckland,1010
Daniel,Sheldon,DanielESheldon@gmail.com,New Zealand,Auckland,1010
Ralph,Smith,RalphASmith@gmail.com,New Zealand,Auckland,1010
Shaun,Lundy,ShaunWLundy@gmail.com,New Zealand,Auckland,1010
Christopher,Cole,ChristopherSCole@gmail.com,New Zealand,Auckland,1010
Ivan,Friedman,IvanAFriedman@gmail.com,New Zealand,Auckland,1010
Barry,Cobb,BarryKCobb@gmail.com,New Zealand,Auckland,1010
Scott,Bangert,ScottMBangert@gmail.com,New Zealand,Auckland,1010
Monica,Obrien,MonicaJObrien@gmail.com,New Zealand,Auckland,1010
Kaitlin,Clark,KaitlinDClark@gmail.com,New Zealand,Auckland,1010
Nathan,Danaher,NathanCDanaher@gmail.com,New Zealand,Auckland,1010
Patricia,Greene,PatriciaRGreene@gmail.com,New Zealand,Auckland,1010
Louise,Turner,LouiseCTurner@gmail.com,New Zealand,Auckland,1010
Susan,Coleman,SusanDColeman@gmail.com,New Zealand,Auckland,1010
Frank,Stanberry,FrankPStanberry@gmail.com,New Zealand,Auckland,1010
Deanna,Jeffers,DeannaJJeffers@gmail.com,New Zealand,Auckland,1010
Eleanor,Curley,EleanorJCurley@gmail.com,New Zealand,Auckland,1010
Darryl,Small,DarrylCSmall@gmail.com,New Zealand,Auckland,1010
Delores,Anderson,DeloresMAnderson@gmail.com,New Zealand,Auckland,1010
Venessa,Dunnigan,VenessaODunnigan@gmail.com,New Zealand,Auckland,1010
Mark,Ye,MarkRYe@gmail.com,New Zealand,Auckland,1010
Robert,Chouinard,RobertAChouinard@gmail.com,New Zealand,Auckland,1010
David,Tate,DavidNTate@gmail.com,New Zealand,Auckland,1010
John,Bartholomew,JohnMBartholomew@gmail.com,New Zealand,Auckland,1010
Gertrude,Hickman,GertrudeGHickman@gmail.com,New Zealand,Auckland,1010
William,Vargas,WilliamJVargas@gmail.com,New Zealand,Auckland,1010
Joseph,Odell,JosephPOdell@gmail.com,New Zealand,Auckland,1010
Ira,Walker,IraCWalker@gmail.com,New Zealand,Auckland,1010
Rudy,Bolick,RudyDBolick@gmail.com,New Zealand,Auckland,1010
Donald,Campbell,DonaldFCampbell@gmail.com,New Zealand,Auckland,1010
Ernest,Jeanpierre,ErnestSJeanpierre@gmail.com,New Zealand,Auckland,1010
Gaston,Lucio,GastonDLucio@gmail.com,New Zealand,Auckland,1010
Rose,Gilliam,RoseTGilliam@gmail.com,New Zealand,Auckland,1010
Bill,Salazar,BillJSalazar@gmail.com,New Zealand,Auckland,1010
Roger,Pollock,RogerNPollock@gmail.com,New Zealand,Auckland,1010
Barry,Robbins,BarryARobbins@gmail.com,New Zealand,Auckland,1010
Bobbi,Johnson,BobbiEJohnson@gmail.com,New Zealand,Auckland,1010
Elizabeth,Brewer,ElizabethMBrewer@gmail.com,New Zealand,Auckland,1010
Eugenia,Harvey,EugeniaWHarvey@gmail.com,New Zealand,Auckland,1010
Ginger,Wood,GingerMWood@gmail.com,New Zealand,Auckland,1010
Toni,Pierce,ToniBPierce@gmail.com,New Zealand,Auckland,1010
Grace,Linton,GraceRLinton@gmail.com,New Zealand,Auckland,1010
Hilton,Land,HiltonJLand@gmail.com,New Zealand,Auckland,1010
Glenn,Sanders,GlennDSanders@gmail.com,New Zealand,Auckland,1010
Elizabeth,Miller,ElizabethRMiller@gmail.com,New Zealand,Auckland,1010
Jill,Diehl,JillRDiehl@gmail.com,New Zealand,Auckland,1010
Michael,Kellum,MichaelMKellum@gmail.com,New Zealand,Auckland,1010
Theresa,Slattery,TheresaRSlattery@gmail.com,New Zealand,Auckland,1010
Lee,Coleman,LeeEColeman@gmail.com,New Zealand,Auckland,1010
Frances,Sharp,FrancesRSharp@gmail.com,New Zealand,Auckland,1010
William,Kinney,WilliamCKinney@gmail.com,New Zealand,Auckland,1010
Mi,Turley,MiTTurley@gmail.com,New Zealand,Auckland,1010
Rosa,Berning,RosaMBerning@gmail.com,New Zealand,Auckland,1010
Edward,Lugo,EdwardRLugo@gmail.com,New Zealand,Auckland,1010
Tonia,Johns,ToniaLJohns@gmail.com,New Zealand,Auckland,1010
Mary,Brown,MaryJBrown@gmail.com,New Zealand,Auckland,1010
Walter,Chapa,WalterCChapa@gmail.com,New Zealand,Auckland,1010
Brittany,Pugh,BrittanyRPugh@gmail.com,New Zealand,Auckland,1010
Gwendolyn,Doman,GwendolynDDoman@gmail.com,New Zealand,Auckland,1010
Janet,Long,JanetPLong@gmail.com,New Zealand,Auckland,1010
Heather,Torrez,HeatherMTorrez@gmail.com,New Zealand,Auckland,1010
Wilbert,Gray,WilbertBGray@gmail.com,New Zealand,Auckland,1010
Valerie,Kim,ValerieJKim@gmail.com,New Zealand,Auckland,1010
Paul,Draves,PaulVDraves@gmail.com,New Zealand,Auckland,1010
William,Stephens,WilliamMStephens@gmail.com,New Zealand,Auckland,1010
Rebecca,Carswell,RebeccaACarswell@gmail.com,New Zealand,Auckland,1010
Kelly,Gonzalez,KellyEGonzalez@gmail.com,New Zealand,Auckland,1010
Paul,Erb,PaulMErb@gmail.com,New Zealand,Auckland,1010
Earl,Haas,EarlRHaas@gmail.com,New Zealand,Auckland,1010
Jeremy,Schmitz,JeremyASchmitz@gmail.com,New Zealand,Auckland,1010
Carl,Cannon,CarlICannon@gmail.com,New Zealand,Auckland,1010
Donnie,Melby,DonnieTMelby@gmail.com,New Zealand,Auckland,1010
Jessica,Myers,JessicaJMyers@gmail.com,New Zealand,Auckland,1010
Amanda,Lappin,AmandaALappin@gmail.com,New Zealand,Auckland,1010
Cheryl,Luke,CherylCLuke@gmail.com,New Zealand,Auckland,1010
Vernon,Hill,VernonSHill@gmail.com,New Zealand,Auckland,1010
Jeffrey,Brophy,JeffreyRBrophy@gmail.com,New Zealand,Auckland,1010
Bertha,Cardona,BerthaDCardona@gmail.com,New Zealand,Auckland,1010
Betty,Brown,BettyMBrown@gmail.com,New Zealand,Auckland,1010
Mary,Lillis,MaryALillis@gmail.com,New Zealand,Auckland,1010
James,Armand,JamesCArmand@gmail.com,New Zealand,Auckland,1010
Angie,Price,AngieJPrice@gmail.com,New Zealand,Auckland,1010
Sheryll,Freeman,SheryllRFreeman@gmail.com,New Zealand,Auckland,1010
David,Carbajal,DavidMCarbajal@gmail.com,New Zealand,Auckland,1010
Nelson,Purifoy,NelsonLPurifoy@gmail.com,New Zealand,Auckland,1010
Joshua,Rivera,JoshuaJRivera@gmail.com,New Zealand,Auckland,1010
Maria,Hayes,MariaJHayes@gmail.com,New Zealand,Auckland,1010
Lawrence,Smith,LawrenceSSmith@gmail.com,New Zealand,Auckland,1010
Charles,Alvey,CharlesPAlvey@gmail.com,New Zealand,Auckland,1010
Shirley,Patterson,ShirleyRPatterson@gmail.com,New Zealand,Auckland,1010
Larry,Burt,LarryNBurt@gmail.com,New Zealand,Auckland,1010
Eddie,Crowe,EddieDCrowe@gmail.com,New Zealand,Auckland,1010
Clarence,Queen,ClarenceEQueen@gmail.com,New Zealand,Auckland,1010
David,Karcher,DavidDKarcher@gmail.com,New Zealand,Auckland,1010
Fernando,Ross,FernandoERoss@gmail.com,New Zealand,Auckland,1010
Joan,Blaker,JoanJBlaker@gmail.com,New Zealand,Auckland,1010
Joseph,Villa,JosephKVilla@gmail.com,New Zealand,Auckland,1010
Jeffrey,Solomon,JeffreyESolomon@gmail.com,New Zealand,Auckland,1010
Janita,Anderson,JanitaJAnderson@gmail.com,New Zealand,Auckland,1010
James,Osborne,JamesCOsborne@gmail.com,New Zealand,Auckland,1010
Curtis,Hall,CurtisDHall@gmail.com,New Zealand,Auckland,1010
Lura,Everson,LuraPEverson@gmail.com,New Zealand,Auckland,1010
Eric,Johnson,EricDJohnson@gmail.com,New Zealand,Auckland,1010
Robert,Williams,RobertLWilliams@gmail.com,New Zealand,Auckland,1010
Becky,Mann,BeckyRMann@gmail.com,New Zealand,Auckland,1010
Robert,Koss,RobertSKoss@gmail.com,New Zealand,Auckland,1010
Eric,Greenspan,EricWGreenspan@gmail.com,New Zealand,Auckland,1010
Katelyn,Smith,KatelynNSmith@gmail.com,New Zealand,Auckland,1010
Eric,Barrera,EricJBarrera@gmail.com,New Zealand,Auckland,1010
Joseph,White,JosephLWhite@gmail.com,New Zealand,Auckland,1010
Jeff,Miller,JeffDMiller@gmail.com,New Zealand,Auckland,1010
Elizabeth,Chan,ElizabethPChan@gmail.com,New Zealand,Auckland,1010
Nick,Thompson,NickKThompson@gmail.com,New Zealand,Auckland,1010
Renee,Cheney,ReneeTCheney@gmail.com,New Zealand,Auckland,1010
Jorge,Krupa,JorgeMKrupa@gmail.com,New Zealand,Auckland,1010
Eleanor,Dickerson,EleanorEDickerson@gmail.com,New Zealand,Auckland,1010
Wm,Roberts,WmORoberts@gmail.com,New Zealand,Auckland,1010
Robert,Gonzales,RobertEGonzales@gmail.com,New Zealand,Auckland,1010
Martha,Jackson,MarthaGJackson@gmail.com,New Zealand,Auckland,1010
Paul,Miller,PaulWMiller@gmail.com,New Zealand,Auckland,1010
Timothy,Carver,TimothyACarver@gmail.com,New Zealand,Auckland,1010
Dorothy,Beebe,DorothyGBeebe@gmail.com,New Zealand,Auckland,1010
Lee,Denson,LeeEDenson@gmail.com,New Zealand,Auckland,1010
Belinda,Shanahan,BelindaJShanahan@gmail.com,New Zealand,Auckland,1010
Louise,Kerlin,LouiseCKerlin@gmail.com,New Zealand,Auckland,1010
Quintin,Hodges,QuintinKHodges@gmail.com,New Zealand,Auckland,1010
Marylyn,Hernandez,MarylynTHernandez@gmail.com,New Zealand,Auckland,1010
Audrey,Gonzalez,AudreyHGonzalez@gmail.com,New Zealand,Auckland,1010
Shawn,Boll,ShawnLBoll@gmail.com,New Zealand,Auckland,1010
Pamela,Rivet,PamelaMRivet@gmail.com,New Zealand,Auckland,1010
Amanda,Ramirez,AmandaDRamirez@gmail.com,New Zealand,Auckland,1010
Gregory,Williams,GregoryRWilliams@gmail.com,New Zealand,Auckland,1010
Leo,Walker,LeoBWalker@gmail.com,New Zealand,Auckland,1010
Lisa,Midgette,LisaTMidgette@gmail.com,New Zealand,Auckland,1010
Carlos,Harris,CarlosBHarris@gmail.com,New Zealand,Auckland,1010
Natasha,Phillips,NatashaDPhillips@gmail.com,New Zealand,Auckland,1010
John,Keith,JohnEKeith@gmail.com,New Zealand,Auckland,1010
Donna,Rinker,DonnaERinker@gmail.com,New Zealand,Auckland,1010
Rose,Thompson,RoseLThompson@gmail.com,New Zealand,Auckland,1010
Sabina,Wallace,SabinaCWallace@gmail.com,New Zealand,Auckland,1010
David,Etter,DavidMEtter@gmail.com,New Zealand,Auckland,1010
Sharon,Taylor,SharonRTaylor@gmail.com,New Zealand,Auckland,1010
Heather,Lesley,HeatherHLesley@gmail.com,New Zealand,Auckland,1010
Kara,Leach,KaraHLeach@gmail.com,New Zealand,Auckland,1010
Joseph,Reyes,JosephCReyes@gmail.com,New Zealand,Auckland,1010
George,Hicks,GeorgePHicks@gmail.com,New Zealand,Auckland,1010
Karina,Patridge,KarinaEPatridge@gmail.com,New Zealand,Auckland,1010
Lloyd,Stewart,LloydCStewart@gmail.com,New Zealand,Auckland,1010
Carl,Burrus,CarlJBurrus@gmail.com,New Zealand,Auckland,1010
William,Davis,WilliamKDavis@gmail.com,New Zealand,Auckland,1010
Thomas,Duncan,ThomasFDuncan@gmail.com,New Zealand,Auckland,1010
Ruth,Witherspoon,RuthAWitherspoon@gmail.com,New Zealand,Auckland,1010
Patricia,Zimmerman,PatriciaRZimmerman@gmail.com,New Zealand,Auckland,1010
Rolando,Kinney,RolandoLKinney@gmail.com,New Zealand,Auckland,1010
Jose,Chambers,JoseMChambers@gmail.com,New Zealand,Auckland,1010
Scott,Williams,ScottMWilliams@gmail.com,New Zealand,Auckland,1010
Regina,Becker,ReginaRBecker@gmail.com,New Zealand,Auckland,1010
Annie,Johnson,AnnieCJohnson@gmail.com,New Zealand,Auckland,1010
Roy,McCabe,RoyAMcCabe@gmail.com,New Zealand,Auckland,1010
Diane,McKenny,DianeCMcKenny@gmail.com,New Zealand,Auckland,1010
Grant,Davis,GrantYDavis@gmail.com,New Zealand,Auckland,1010
George,Bright,GeorgeSBright@gmail.com,New Zealand,Auckland,1010
Ann,Reser,AnnRReser@gmail.com,New Zealand,Auckland,1010
Dennis,Maya,DennisJMaya@gmail.com,New Zealand,Auckland,1010
Karen,Ashcraft,KarenRAshcraft@gmail.com,New Zealand,Auckland,1010
Anne,Madrigal,AnneRMadrigal@gmail.com,New Zealand,Auckland,1010
Alfred,Livingston,AlfredCLivingston@gmail.com,New Zealand,Auckland,1010
Raymond,Rueda,RaymondERueda@gmail.com,New Zealand,Auckland,1010
Sam,Rankin,SamARankin@gmail.com,New Zealand,Auckland,1010
Eugene,Cody,EugeneDCody@gmail.com,New Zealand,Auckland,1010
Jonathan,Miller,JonathanCMiller@gmail.com,New Zealand,Auckland,1010
Alfonso,Jones,AlfonsoJJones@gmail.com,New Zealand,Auckland,1010
Pedro,Justice,PedroCJustice@gmail.com,New Zealand,Auckland,1010
Jean,Harris,JeanDHarris@gmail.com,New Zealand,Auckland,1010
Albert,Moore,AlbertCMoore@gmail.com,New Zealand,Auckland,1010
Julie,Bible,JulieABible@gmail.com,New Zealand,Auckland,1010
Raymond,Ward,RaymondBWard@gmail.com,New Zealand,Auckland,1010
Rhoda,Hardy,RhodaTHardy@gmail.com,New Zealand,Auckland,1010
Dorothy,Roberts,DorothyRRoberts@gmail.com,New Zealand,Auckland,1010
Dolores,Higginbotham,DoloresGHigginbotham@gmail.com,New Zealand,Auckland,1010
Jessica,Nicholson,JessicaBNicholson@gmail.com,New Zealand,Auckland,1010
Jason,Smith,JasonCSmith@gmail.com,New Zealand,Auckland,1010
Melissa,Greenbaum,MelissaSGreenbaum@gmail.com,New Zealand,Auckland,1010
Eliana,Butler,ElianaTButler@gmail.com,New Zealand,Auckland,1010
Raymond,Domingo,RaymondJDomingo@gmail.com,New Zealand,Auckland,1010
Charles,Romero,CharlesRRomero@gmail.com,New Zealand,Auckland,1010
Nicholas,Acosta,NicholasEAcosta@gmail.com,New Zealand,Auckland,1010
Billye,Cassidy,BillyeJCassidy@gmail.com,New Zealand,Auckland,1010
Samantha,McEvoy,SamanthaJMcEvoy@gmail.com,New Zealand,Auckland,1010
Vickie,Hatch,VickieSHatch@gmail.com,New Zealand,Auckland,1010
Gary,Escobar,GaryCEscobar@gmail.com,New Zealand,Auckland,1010
Bradley,Lambert,BradleyHLambert@gmail.com,New Zealand,Auckland,1010
Edward,Smith,EdwardSSmith@gmail.com,New Zealand,Auckland,1010
Louise,Diaz,LouiseEDiaz@gmail.com,New Zealand,Auckland,1010
Jorge,Kinch,JorgeDKinch@gmail.com,New Zealand,Auckland,1010
William,Creech,WilliamRCreech@gmail.com,New Zealand,Auckland,1010
Christine,Nunley,ChristineLNunley@gmail.com,New Zealand,Auckland,1010
Johnny,Becker,JohnnyOBecker@gmail.com,New Zealand,Auckland,1010
Fred,Bortz,FredRBortz@gmail.com,New Zealand,Auckland,1010
Doris,Fernandez,DorisJFernandez@gmail.com,New Zealand,Auckland,1010
Robin,Schmid,RobinJSchmid@gmail.com,New Zealand,Auckland,1010
Anna,Miller,AnnaMMiller@gmail.com,New Zealand,Auckland,1010
Karen,Rodriguez,KarenMRodriguez@gmail.com,New Zealand,Auckland,1010
Eleanor,Smith,EleanorCSmith@gmail.com,New Zealand,Auckland,1010
Antonia,Pomeroy,AntoniaRPomeroy@gmail.com,New Zealand,Auckland,1010
Emilio,Alexander,EmilioLAlexander@gmail.com,New Zealand,Auckland,1010
Priscilla,Moore,PriscillaJMoore@gmail.com,New Zealand,Auckland,1010
Jeffrey,Fick,JeffreyPFick@gmail.com,New Zealand,Auckland,1010
Joyce,Rodriguez,JoyceKRodriguez@gmail.com,New Zealand,Auckland,1010
Jennifer,Jones,JenniferRJones@gmail.com,New Zealand,Auckland,1010
Barbra,Harris,BarbraRHarris@gmail.com,New Zealand,Auckland,1010
Marc,McMurray,MarcCMcMurray@gmail.com,New Zealand,Auckland,1010
Lidia,Burns,LidiaMBurns@gmail.com,New Zealand,Auckland,1010
Nancy,Brower,NancyTBrower@gmail.com,New Zealand,Auckland,1010
Joseph,Severin,JosephCSeverin@gmail.com,New Zealand,Auckland,1010
Brenda,Sanchez,BrendaBSanchez@gmail.com,New Zealand,Auckland,1010
Tiffany,McConnell,TiffanyJMcConnell@gmail.com,New Zealand,Auckland,1010
Kenny,Weber,KennyVWeber@gmail.com,New Zealand,Auckland,1010
David,Burgess,DavidMBurgess@gmail.com,New Zealand,Auckland,1010
Kristen,Northington,KristenGNorthington@gmail.com,New Zealand,Auckland,1010
Robert,Papineau,RobertCPapineau@gmail.com,New Zealand,Auckland,1010
Gerald,Alexander,GeraldDAlexander@gmail.com,New Zealand,Auckland,1010
William,Gross,WilliamMGross@gmail.com,New Zealand,Auckland,1010
Jeffrey,Dorton,JeffreyBDorton@gmail.com,New Zealand,Auckland,1010
Rosa,Fernandez,RosaRFernandez@gmail.com,New Zealand,Auckland,1010
David,Poe,DavidGPoe@gmail.com,New Zealand,Auckland,1010
Amanda,Gomez,AmandaRGomez@gmail.com,New Zealand,Auckland,1010
Charles,Crothers,CharlesDCrothers@gmail.com,New Zealand,Auckland,1010
Susana,Augustine,SusanaBAugustine@gmail.com,New Zealand,Auckland,1010
Janice,Pouncy,JaniceDPouncy@gmail.com,New Zealand,Auckland,1010
Veronica,Conn,VeronicaVConn@gmail.com,New Zealand,Auckland,1010
Michelle,Feldt,MichelleWFeldt@gmail.com,New Zealand,Auckland,1010
Rita,Burkhead,RitaWBurkhead@gmail.com,New Zealand,Auckland,1010
Amy,Crumble,AmyMCrumble@gmail.com,New Zealand,Auckland,1010
Philip,Wall,PhilipAWall@gmail.com,New Zealand,Auckland,1010
Tyrone,King,TyroneIKing@gmail.com,New Zealand,Auckland,1010
Jeffrey,Lavigne,JeffreyMLavigne@gmail.com,New Zealand,Auckland,1010
Mary,Jeffries,MaryMJeffries@gmail.com,New Zealand,Auckland,1010
Stephanie,McBride,StephanieCMcBride@gmail.com,New Zealand,Auckland,1010
Larry,Blanton,LarryVBlanton@gmail.com,New Zealand,Auckland,1010
Charles,Moore,CharlesKMoore@gmail.com,New Zealand,Auckland,1010
John,Hansen,JohnLHansen@gmail.com,New Zealand,Auckland,1010
Chad,Russell,ChadDRussell@gmail.com,New Zealand,Auckland,1010
Amy,Ribeiro,AmyMRibeiro@gmail.com,New Zealand,Auckland,1010
Mary,Ellison,MaryREllison@gmail.com,New Zealand,Auckland,1010
Harold,Netherton,HaroldRNetherton@gmail.com,New Zealand,Auckland,1010
John,Sharp,JohnDSharp@gmail.com,New Zealand,Auckland,1010
Brigitte,Hawkins,BrigitteKHawkins@gmail.com,New Zealand,Auckland,1010
Robert,Kenny,RobertYKenny@gmail.com,New Zealand,Auckland,1010
Raymond,Edwards,RaymondBEdwards@gmail.com,New Zealand,Auckland,1010
Henry,May,HenryMMay@gmail.com,New Zealand,Auckland,1010
Barbara,Holmes,BarbaraJHolmes@gmail.com,New Zealand,Auckland,1010
Malcom,Lentz,MalcomBLentz@gmail.com,New Zealand,Auckland,1010
Nancy,Hart,NancyRHart@gmail.com,New Zealand,Auckland,1010
Robert,Valdez,RobertMValdez@gmail.com,New Zealand,Auckland,1010
Teresa,Espinoza,TeresaBEspinoza@gmail.com,New Zealand,Auckland,1010
Jim,Drake,JimJDrake@gmail.com,New Zealand,Auckland,1010
Lynne,Black,LynneMBlack@gmail.com,New Zealand,Auckland,1010
Jeff,Rao,JeffTRao@gmail.com,New Zealand,Auckland,1010
Mary,Borja,MaryQBorja@gmail.com,New Zealand,Auckland,1010
Martha,Phipps,MarthaRPhipps@gmail.com,New Zealand,Auckland,1010
Robert,Dugan,RobertJDugan@gmail.com,New Zealand,Auckland,1010
Greg,Gros,GregBGros@gmail.com,New Zealand,Auckland,1010
Roger,Ridgeway,RogerNRidgeway@gmail.com,New Zealand,Auckland,1010
Raymundo,Ruiz,RaymundoARuiz@gmail.com,New Zealand,Auckland,1010
Carl,Eslinger,CarlLEslinger@gmail.com,New Zealand,Auckland,1010
Megan,Grammer,MeganGGrammer@gmail.com,New Zealand,Auckland,1010
Deborah,Duenas,DeborahMDuenas@gmail.com,New Zealand,Auckland,1010
Linda,Johnson,LindaEJohnson@gmail.com,New Zealand,Auckland,1010
Michael,Schaefer,MichaelSSchaefer@gmail.com,New Zealand,Auckland,1010
Charles,Bailey,CharlesMBailey@gmail.com,New Zealand,Auckland,1010
Mary,McDowell,MaryDMcDowell@gmail.com,New Zealand,Auckland,1010
Emilio,Ensor,EmilioHEnsor@gmail.com,New Zealand,Auckland,1010
Jack,Wood,JackMWood@gmail.com,New Zealand,Auckland,1010
Glenda,Robinson,GlendaMRobinson@gmail.com,New Zealand,Auckland,1010
Anna,Higgins,AnnaGHiggins@gmail.com,New Zealand,Auckland,1010
William,Clark,WilliamLClark@gmail.com,New Zealand,Auckland,1010
Susan,Bridges,SusanJBridges@gmail.com,New Zealand,Auckland,1010
Thomas,Velarde,ThomasLVelarde@gmail.com,New Zealand,Auckland,1010
Ruth,Jay,RuthDJay@gmail.com,New Zealand,Auckland,1010
Paul,Mungia,PaulHMungia@gmail.com,New Zealand,Auckland,1010
Herminia,Meece,HerminiaLMeece@gmail.com,New Zealand,Auckland,1010
Jay,Adkison,JayTAdkison@gmail.com,New Zealand,Auckland,1010
Judith,Green,JudithMGreen@gmail.com,New Zealand,Auckland,1010
Adam,Long,AdamBLong@gmail.com,New Zealand,Auckland,1010
Daniel,Earl,DanielMEarl@gmail.com,New Zealand,Auckland,1010
Jeffery,Ward,JefferyCWard@gmail.com,New Zealand,Auckland,1010
Charlette,Cantrell,CharletteECantrell@gmail.com,New Zealand,Auckland,1010
Beatrice,Burton,BeatriceRBurton@gmail.com,New Zealand,Auckland,1010
Patricia,Barefoot,PatriciaCBarefoot@gmail.com,New Zealand,Auckland,1010
Michael,Hunt,MichaelWHunt@gmail.com,New Zealand,Auckland,1010
Doris,Hall,DorisPHall@gmail.com,New Zealand,Auckland,1010
Tiffany,Burroughs,TiffanyGBurroughs@gmail.com,New Zealand,Auckland,1010
Jacquie,Jordon,JacquieMJordon@gmail.com,New Zealand,Auckland,1010
Andrea,Luft,AndreaTLuft@gmail.com,New Zealand,Auckland,1010
Hannah,Arrington,HannahDArrington@gmail.com,New Zealand,Auckland,1010
Charlie,Stewart,CharlieAStewart@gmail.com,New Zealand,Auckland,1010
Angel,Olden,AngelWOlden@gmail.com,New Zealand,Auckland,1010
Diana,Gray,DianaJGray@gmail.com,New Zealand,Auckland,1010
Michael,Moses,MichaelJMoses@gmail.com,New Zealand,Auckland,1010
Bonita,Harris,BonitaDHarris@gmail.com,New Zealand,Auckland,1010
Doretha,Manley,DorethaRManley@gmail.com,New Zealand,Auckland,1010
Aaron,Hope,AaronMHope@gmail.com,New Zealand,Auckland,1010
Paula,Franklin,PaulaBFranklin@gmail.com,New Zealand,Auckland,1010
William,Shaw,WilliamDShaw@gmail.com,New Zealand,Auckland,1010
Reinaldo,Whitley,ReinaldoVWhitley@gmail.com,New Zealand,Auckland,1010
Donald,Brown,DonaldMBrown@gmail.com,New Zealand,Auckland,1010
James,Burnette,JamesABurnette@gmail.com,New Zealand,Auckland,1010
Rex,Warrior,RexPWarrior@gmail.com,New Zealand,Auckland,1010
John,Coffman,JohnMCoffman@gmail.com,New Zealand,Auckland,1010
Clint,Parnell,ClintTParnell@gmail.com,New Zealand,Auckland,1010
Barbara,Rapp,BarbaraJRapp@gmail.com,New Zealand,Auckland,1010
William,Elkins,WilliamRElkins@gmail.com,New Zealand,Auckland,1010
Arlene,Chase,ArleneAChase@gmail.com,New Zealand,Auckland,1010
Andrea,Wall,AndreaBWall@gmail.com,New Zealand,Auckland,1010
Joe,Bigelow,JoeEBigelow@gmail.com,New Zealand,Auckland,1010
Rodney,McClellan,RodneyGMcClellan@gmail.com,New Zealand,Auckland,1010
Roger,Thompson,RogerJThompson@gmail.com,New Zealand,Auckland,1010
John,Washington,JohnEWashington@gmail.com,New Zealand,Auckland,1010
Leon,Smith,LeonLSmith@gmail.com,New Zealand,Auckland,1010
Alvin,Gonzalez,AlvinMGonzalez@gmail.com,New Zealand,Auckland,1010
Maria,Scott,MariaRScott@gmail.com,New Zealand,Auckland,1010
Rita,Lee,RitaJLee@gmail.com,New Zealand,Auckland,1010
John,Place,JohnNPlace@gmail.com,New Zealand,Auckland,1010
Christopher,McKinney,ChristopherRMcKinney@gmail.com,New Zealand,Auckland,1010
Mary,Crews,MaryBCrews@gmail.com,New Zealand,Auckland,1010
Michael,Matthews,MichaelRMatthews@gmail.com,New Zealand,Auckland,1010
Margaret,Bullock,MargaretWBullock@gmail.com,New Zealand,Auckland,1010
Jason,Treadway,JasonFTreadway@gmail.com,New Zealand,Auckland,1010
Candice,Hamilton,CandiceBHamilton@gmail.com,New Zealand,Auckland,1010
Cheryl,Frankel,CherylAFrankel@gmail.com,New Zealand,Auckland,1010
Elaine,Smith,ElaineASmith@gmail.com,New Zealand,Auckland,1010
John,Rodriguez,JohnVRodriguez@gmail.com,New Zealand,Auckland,1010
Angela,Emberton,AngelaDEmberton@gmail.com,New Zealand,Auckland,1010
Joe,Helton,JoeSHelton@gmail.com,New Zealand,Auckland,1010
Maura,Palen,MauraEPalen@gmail.com,New Zealand,Auckland,1010
Cynthia,Heng,CynthiaWHeng@gmail.com,New Zealand,Auckland,1010
Samantha,Myers,SamanthaFMyers@gmail.com,New Zealand,Auckland,1010
Amanda,Cornell,AmandaGCornell@gmail.com,New Zealand,Auckland,1010
Linda,Elizondo,LindaTElizondo@gmail.com,New Zealand,Auckland,1010
Robert,Cullen,RobertMCullen@gmail.com,New Zealand,Auckland,1010
Neil,Loper,NeilSLoper@gmail.com,New Zealand,Auckland,1010
James,Bacher,JamesEBacher@gmail.com,New Zealand,Auckland,1010
Erin,Bartelt,ErinJBartelt@gmail.com,New Zealand,Auckland,1010
Willis,Deboer,WillisCDeboer@gmail.com,New Zealand,Auckland,1010
Thomas,Carstensen,ThomasTCarstensen@gmail.com,New Zealand,Auckland,1010
Derrick,Jordan,DerrickMJordan@gmail.com,New Zealand,Auckland,1010
Mary,Khan,MaryEKhan@gmail.com,New Zealand,Auckland,1010
Alex,Sparrow,AlexDSparrow@gmail.com,New Zealand,Auckland,1010
Karen,Newton,KarenMNewton@gmail.com,New Zealand,Auckland,1010
Candice,McMullen,CandicePMcMullen@gmail.com,New Zealand,Auckland,1010
William,Wright,WilliamTWright@gmail.com,New Zealand,Auckland,1010
Manuel,Grubb,ManuelJGrubb@gmail.com,New Zealand,Auckland,1010
Christina,Brewster,ChristinaWBrewster@gmail.com,New Zealand,Auckland,1010
Mary,Sappington,MaryFSappington@gmail.com,New Zealand,Auckland,1010
Melisa,Covert,MelisaKCovert@gmail.com,New Zealand,Auckland,1010
Justin,Martin,JustinCMartin@gmail.com,New Zealand,Auckland,1010
Debra,Nice,DebraMNice@gmail.com,New Zealand,Auckland,1010
Ethel,Hernandez,EthelDHernandez@gmail.com,New Zealand,Auckland,1010
Johnny,Smith,JohnnyCSmith@gmail.com,New Zealand,Auckland,1010
Inez,Hanrahan,InezKHanrahan@gmail.com,New Zealand,Auckland,1010
John,Johnson,JohnTJohnson@gmail.com,New Zealand,Auckland,1010
Geneva,Barker,GenevaWBarker@gmail.com,New Zealand,Auckland,1010
Winfred,Justice,WinfredSJustice@gmail.com,New Zealand,Auckland,1010
Sofia,Grainger,SofiaJGrainger@gmail.com,New Zealand,Auckland,1010
Timothy,Russ,TimothyARuss@gmail.com,New Zealand,Auckland,1010
Freda,Amado,FredaCAmado@gmail.com,New Zealand,Auckland,1010
Jeffery,Castillon,JefferyICastillon@gmail.com,New Zealand,Auckland,1010
Robert,Hosler,RobertJHosler@gmail.com,New Zealand,Auckland,1010
David,West,DavidJWest@gmail.com,New Zealand,Auckland,1010
Mary,Barlow,MarySBarlow@gmail.com,New Zealand,Auckland,1010
Rose,Crowe,RoseMCrowe@gmail.com,New Zealand,Auckland,1010
Sean,Houston,SeanTHouston@gmail.com,New Zealand,Auckland,1010
Reda,Jennings,RedaJJennings@gmail.com,New Zealand,Auckland,1010
Michael,Dillard,MichaelMDillard@gmail.com,New Zealand,Auckland,1010
Armando,Brown,ArmandoSBrown@gmail.com,New Zealand,Auckland,1010
Billy,Young,BillyJYoung@gmail.com,New Zealand,Auckland,1010
Erin,Flippen,ErinDFlippen@gmail.com,New Zealand,Auckland,1010
Jermaine,Belville,JermaineMBelville@gmail.com,New Zealand,Auckland,1010
Kyle,Hoehne,KyleAHoehne@gmail.com,New Zealand,Auckland,1010
Susan,Brewer,SusanMBrewer@gmail.com,New Zealand,Auckland,1010
Katie,Douglas,KatieTDouglas@gmail.com,New Zealand,Auckland,1010
Brooke,Garza,BrookeWGarza@gmail.com,New Zealand,Auckland,1010
Donald,French,DonaldMFrench@gmail.com,New Zealand,Auckland,1010
Jesse,Webb,JesseMWebb@gmail.com,New Zealand,Auckland,1010
Stuart,Christie,StuartAChristie@gmail.com,New Zealand,Auckland,1010
Helene,Lewis,HeleneDLewis@gmail.com,New Zealand,Auckland,1010
Deborah,Garret,DeborahRGarret@gmail.com,New Zealand,Auckland,1010
Ana,Anderson,AnaWAnderson@gmail.com,New Zealand,Auckland,1010
Dorothy,Hanson,DorothyCHanson@gmail.com,New Zealand,Auckland,1010
Freddie,Ritchie,FreddieLRitchie@gmail.com,New Zealand,Auckland,1010
Dorothy,Medeiros,DorothyCMedeiros@gmail.com,New Zealand,Auckland,1010
Juan,Rodriguez,JuanTRodriguez@gmail.com,New Zealand,Auckland,1010
Matthew,Connolly,MatthewAConnolly@gmail.com,New Zealand,Auckland,1010
Mercy,Berner,MercyJBerner@gmail.com,New Zealand,Auckland,1010
Carol,McGuire,CarolWMcGuire@gmail.com,New Zealand,Auckland,1010
Georgette,Stanley,GeorgettePStanley@gmail.com,New Zealand,Auckland,1010
Patricia,Sharp,PatriciaJSharp@gmail.com,New Zealand,Auckland,1010
Jesus,Capasso,JesusECapasso@gmail.com,New Zealand,Auckland,1010
Pauline,Smiley,PaulineCSmiley@gmail.com,New Zealand,Auckland,1010
Jose,Hom,JoseJHom@gmail.com,New Zealand,Auckland,1010
Kathleen,Blackburn,KathleenTBlackburn@gmail.com,New Zealand,Auckland,1010
Ellen,Flournoy,EllenRFlournoy@gmail.com,New Zealand,Auckland,1010
Junior,Turner,JuniorMTurner@gmail.com,New Zealand,Auckland,1010
Dorothy,Fultz,DorothyEFultz@gmail.com,New Zealand,Auckland,1010
Harold,Wahl,HaroldJWahl@gmail.com,New Zealand,Auckland,1010
Kyle,Sweatt,KyleCSweatt@gmail.com,New Zealand,Auckland,1010
Joseph,Hershey,JosephKHershey@gmail.com,New Zealand,Auckland,1010
Joe,Deville,JoeTDeville@gmail.com,New Zealand,Auckland,1010
Isabel,Ashley,IsabelHAshley@gmail.com,New Zealand,Auckland,1010
Susan,Vasquez,SusanKVasquez@gmail.com,New Zealand,Auckland,1010
Robert,Delgado,RobertSDelgado@gmail.com,New Zealand,Auckland,1010
Jean,Brown,JeanLBrown@gmail.com,New Zealand,Auckland,1010
James,Smith,JamesJSmith@gmail.com,New Zealand,Auckland,1010
Edward,Obryan,EdwardDObryan@gmail.com,New Zealand,Auckland,1010
Linda,Wilkerson,LindaWWilkerson@gmail.com,New Zealand,Auckland,1010
Colette,Heinemann,ColetteNHeinemann@gmail.com,New Zealand,Auckland,1010
Patricia,Gailey,PatriciaMGailey@gmail.com,New Zealand,Auckland,1010
Huey,Bay,HueyMBay@gmail.com,New Zealand,Auckland,1010
Jonas,Richard,JonasTRichard@gmail.com,New Zealand,Auckland,1010
Tiffany,Compton,TiffanyJCompton@gmail.com,New Zealand,Auckland,1010
Leonard,Curley,LeonardMCurley@gmail.com,New Zealand,Auckland,1010
Eric,Devine,EricBDevine@gmail.com,New Zealand,Auckland,1010
Woodrow,Baeza,WoodrowRBaeza@gmail.com,New Zealand,Auckland,1010
Albert,Glass,AlbertAGlass@gmail.com,New Zealand,Auckland,1010
Nicholas,Marx,NicholasPMarx@gmail.com,New Zealand,Auckland,1010
Tammy,Hutter,TammyDHutter@gmail.com,New Zealand,Auckland,1010
Sadie,Whitted,SadieSWhitted@gmail.com,New Zealand,Auckland,1010
Alexander,Jones,AlexanderEJones@gmail.com,New Zealand,Auckland,1010
Martin,Lowery,MartinMLowery@gmail.com,New Zealand,Auckland,1010
Daisy,Nixon,DaisyDNixon@gmail.com,New Zealand,Auckland,1010
Delia,Perdue,DeliaJPerdue@gmail.com,New Zealand,Auckland,1010
Dorothy,Harmon,DorothyDHarmon@gmail.com,New Zealand,Auckland,1010
Terry,Hunter,TerryAHunter@gmail.com,New Zealand,Auckland,1010
Josiah,Edwards,JosiahREdwards@gmail.com,New Zealand,Auckland,1010
John,McDonald,JohnCMcDonald@gmail.com,New Zealand,Auckland,1010
Nina,Murry,NinaRMurry@gmail.com,New Zealand,Auckland,1010
Doris,Hudson,DorisCHudson@gmail.com,New Zealand,Auckland,1010
Joy,Ford,JoyAFord@gmail.com,New Zealand,Auckland,1010
Anna,Filson,AnnaJFilson@gmail.com,New Zealand,Auckland,1010
Marion,Parker,MarionFParker@gmail.com,New Zealand,Auckland,1010
Debra,Tuttle,DebraMTuttle@gmail.com,New Zealand,Auckland,1010
Marvin,Edwards,MarvinGEdwards@gmail.com,New Zealand,Auckland,1010
Abe,Matheny,AbeVMatheny@gmail.com,New Zealand,Auckland,1010
Dale,Kelly,DaleCKelly@gmail.com,New Zealand,Auckland,1010
Dale,Kelly,DaleKKelly@gmail.com,New Zealand,Auckland,1010
Patrick,Hamlin,PatrickMHamlin@gmail.com,New Zealand,Auckland,1010
Robert,Jones,RobertMJones@gmail.com,New Zealand,Auckland,1010
Marjorie,Partain,MarjorieDPartain@gmail.com,New Zealand,Auckland,1010
Lisa,Bulloch,LisaMBulloch@gmail.com,New Zealand,Auckland,1010
Ian,Dugan,IanEDugan@gmail.com,New Zealand,Auckland,1010
Olga,Velasquez,OlgaPVelasquez@gmail.com,New Zealand,Auckland,1010
Stephanie,Cavanagh,StephanieDCavanagh@gmail.com,New Zealand,Auckland,1010
Donna,Morgan,DonnaGMorgan@gmail.com,New Zealand,Auckland,1010
Vanessa,McLaughlin,VanessaKMcLaughlin@gmail.com,New Zealand,Auckland,1010
Monica,Kelly,MonicaAKelly@gmail.com,New Zealand,Auckland,1010
Dianne,Caudill,DianneBCaudill@gmail.com,New Zealand,Auckland,1010
William,Weise,WilliamTWeise@gmail.com,New Zealand,Auckland,1010
James,Myers,JamesNMyers@gmail.com,New Zealand,Auckland,1010
Helen,Hamilton,HelenSHamilton@gmail.com,New Zealand,Auckland,1010
Sam,Badillo,SamVBadillo@gmail.com,New Zealand,Auckland,1010
Terrance,Denny,TerranceJDenny@gmail.com,New Zealand,Auckland,1010
Tara,Therrien,TaraDTherrien@gmail.com,New Zealand,Auckland,1010
Mary,McLaughlin,MaryMMcLaughlin@gmail.com,New Zealand,Auckland,1010
Michael,Dawes,MichaelMDawes@gmail.com,New Zealand,Auckland,1010
John,Buck,JohnMBuck@gmail.com,New Zealand,Auckland,1010
Fredrick,Dunn,FredrickEDunn@gmail.com,New Zealand,Auckland,1010
Adela,Basnight,AdelaABasnight@gmail.com,New Zealand,Auckland,1010
Harry,Banner,HarrySBanner@gmail.com,New Zealand,Auckland,1010
Jerold,Joseph,JeroldKJoseph@gmail.com,New Zealand,Auckland,1010
Nick,Weddle,NickHWeddle@gmail.com,New Zealand,Auckland,1010
Joni,Lee,JoniBLee@gmail.com,New Zealand,Auckland,1010
Tom,Strayer,TomBStrayer@gmail.com,New Zealand,Auckland,1010
Charles,Potts,CharlesSPotts@gmail.com,New Zealand,Auckland,1010
Patricia,Martinez,PatriciaJMartinez@gmail.com,New Zealand,Auckland,1010
Diane,Beam,DianeDBeam@gmail.com,New Zealand,Auckland,1010
Betty,Frazier,BettyBFrazier@gmail.com,New Zealand,Auckland,1010
Elizabeth,Bratcher,ElizabethJBratcher@gmail.com,New Zealand,Auckland,1010
Arthur,Lynn,ArthurALynn@gmail.com,New Zealand,Auckland,1010
Kyle,Stehle,KyleCStehle@gmail.com,New Zealand,Auckland,1010
Edward,Leister,EdwardMLeister@gmail.com,New Zealand,Auckland,1010
John,Fetty,JohnMFetty@gmail.com,New Zealand,Auckland,1010
Antonio,Hamilton,AntonioMHamilton@gmail.com,New Zealand,Auckland,1010
Norma,Eddy,NormaBEddy@gmail.com,New Zealand,Auckland,1010
Mary,Knipp,MaryBKnipp@gmail.com,New Zealand,Auckland,1010
Roy,Schall,RoySSchall@gmail.com,New Zealand,Auckland,1010
Mary,Dilorenzo,MaryGDilorenzo@gmail.com,New Zealand,Auckland,1010
Connie,Downs,ConnieSDowns@gmail.com,New Zealand,Auckland,1010
Mildred,Tang,MildredJTang@gmail.com,New Zealand,Auckland,1010
Jannie,Shotwell,JannieMShotwell@gmail.com,New Zealand,Auckland,1010
Emily,Slaughter,EmilyJSlaughter@gmail.com,New Zealand,Auckland,1010
Jose,Woods,JoseVWoods@gmail.com,New Zealand,Auckland,1010
Joe,Rosenberg,JoeERosenberg@gmail.com,New Zealand,Auckland,1010
Rodney,Smith,RodneyMSmith@gmail.com,New Zealand,Auckland,1010
Scott,Kirk,ScottOKirk@gmail.com,New Zealand,Auckland,1010
Jeff,Bridwell,JeffPBridwell@gmail.com,New Zealand,Auckland,1010
David,Marcum,DavidMMarcum@gmail.com,New Zealand,Auckland,1010
Steven,Carman,StevenMCarman@gmail.com,New Zealand,Auckland,1010
Ricky,Weeks,RickyMWeeks@gmail.com,New Zealand,Auckland,1010
Christine,Brown,ChristineKBrown@gmail.com,New Zealand,Auckland,1010
Sandra,Bailey,SandraGBailey@gmail.com,New Zealand,Auckland,1010
Marilyn,Houpt,MarilynDHoupt@gmail.com,New Zealand,Auckland,1010
Patricia,Maldonado,PatriciaGMaldonado@gmail.com,New Zealand,Auckland,1010
Imelda,Calderon,ImeldaRCalderon@gmail.com,New Zealand,Auckland,1010
Harriet,Franz,HarrietKFranz@gmail.com,New Zealand,Auckland,1010
Mary,Tyson,MaryJTyson@gmail.com,New Zealand,Auckland,1010
Charlene,Deloach,CharleneGDeloach@gmail.com,New Zealand,Auckland,1010
Kenneth,Hayes,KennethEHayes@gmail.com,New Zealand,Auckland,1010
Lora,Haislip,LoraLHaislip@gmail.com,New Zealand,Auckland,1010
Brenda,Watts,BrendaAWatts@gmail.com,New Zealand,Auckland,1010
Sandra,Ford,SandraKFord@gmail.com,New Zealand,Auckland,1010
Susan,Murray,SusanMMurray@gmail.com,New Zealand,Auckland,1010
Daniel,Smart,DanielFSmart@gmail.com,New Zealand,Auckland,1010
Krista,Moreno,KristaTMoreno@gmail.com,New Zealand,Auckland,1010
Kenneth,Mack,KennethDMack@gmail.com,New Zealand,Auckland,1010
Patrick,Santistevan,PatrickLSantistevan@gmail.com,New Zealand,Auckland,1010
James,Rogers,JamesDRogers@gmail.com,New Zealand,Auckland,1010
Louise,Hulett,LouiseJHulett@gmail.com,New Zealand,Auckland,1010
Vernon,Carney,VernonLCarney@gmail.com,New Zealand,Auckland,1010
Joe,Caskey,JoeNCaskey@gmail.com,New Zealand,Auckland,1010
Lee,Schwab,LeeKSchwab@gmail.com,New Zealand,Auckland,1010
Frank,Johnson,FrankTJohnson@gmail.com,New Zealand,Auckland,1010
John,McCullough,JohnGMcCullough@gmail.com,New Zealand,Auckland,1010
Mark,Page,MarkJPage@gmail.com,New Zealand,Auckland,1010
Tyrone,Mathis,TyroneCMathis@gmail.com,New Zealand,Auckland,1010
Marc,Powley,MarcCPowley@gmail.com,New Zealand,Auckland,1010
Mark,Boss,MarkLBoss@gmail.com,New Zealand,Auckland,1010
Paul,Schneider,PaulPSchneider@gmail.com,New Zealand,Auckland,1010
Charles,Daniels,CharlesPDaniels@gmail.com,New Zealand,Auckland,1010
Max,Lozano,MaxTLozano@gmail.com,New Zealand,Auckland,1010
Peter,Luciano,PeterGLuciano@gmail.com,New Zealand,Auckland,1010
Shawn,Lane,ShawnLLane@gmail.com,New Zealand,Auckland,1010
Rosalie,Kitchen,RosaliePKitchen@gmail.com,New Zealand,Auckland,1010
Arthur,Goodwin,ArthurCGoodwin@gmail.com,New Zealand,Auckland,1010
Susan,Akers,SusanAAkers@gmail.com,New Zealand,Auckland,1010
Julie,La,JulieJLa@gmail.com,New Zealand,Auckland,1010
Shelly,Morency,ShellySMorency@gmail.com,New Zealand,Auckland,1010
David,Atkins,DavidPAtkins@gmail.com,New Zealand,Auckland,1010
Jennifer,Caldwell,JenniferECaldwell@gmail.com,New Zealand,Auckland,1010
Arthur,Gomez,ArthurEGomez@gmail.com,New Zealand,Auckland,1010
Kenneth,Sanchez,KennethSSanchez@gmail.com,New Zealand,Auckland,1010
Alan,Bowman,AlanJBowman@gmail.com,New Zealand,Auckland,1010
Charles,Hale,CharlesLHale@gmail.com,New Zealand,Auckland,1010
David,Merritt,DavidCMerritt@gmail.com,New Zealand,Auckland,1010
Mary,Ott,MaryWOtt@gmail.com,New Zealand,Auckland,1010
Stephen,Compton,StephenMCompton@gmail.com,New Zealand,Auckland,1010
Linda,Mobley,LindaBMobley@gmail.com,New Zealand,Auckland,1010
Myrtle,Morningstar,MyrtleJMorningstar@gmail.com,New Zealand,Auckland,1010
Dennis,Dorsey,DennisDDorsey@gmail.com,New Zealand,Auckland,1010
Amie,Monson,AmieHMonson@gmail.com,New Zealand,Auckland,1010
Wilma,Blea,WilmaLBlea@gmail.com,New Zealand,Auckland,1010
Ricky,Townsend,RickySTownsend@gmail.com,New Zealand,Auckland,1010
Frances,Martinson,FrancesHMartinson@gmail.com,New Zealand,Auckland,1010
Karen,Marrero,KarenJMarrero@gmail.com,New Zealand,Auckland,1010
Jeannie,Wolfe,JeannieJWolfe@gmail.com,New Zealand,Auckland,1010
Kerry,Arzola,KerryPArzola@gmail.com,New Zealand,Auckland,1010
Nelson,Mack,NelsonLMack@gmail.com,New Zealand,Auckland,1010
Scott,Gould,ScottBGould@gmail.com,New Zealand,Auckland,1010
Estella,Mateo,EstellaBMateo@gmail.com,New Zealand,Auckland,1010
Joyce,Norris,JoyceTNorris@gmail.com,New Zealand,Auckland,1010
Anthony,Killgore,AnthonyRKillgore@gmail.com,New Zealand,Auckland,1010
Charlotte,Houser,CharlotteAHouser@gmail.com,New Zealand,Auckland,1010
Marvin,Ortiz,MarvinLOrtiz@gmail.com,New Zealand,Auckland,1010
Carla,Wilkerson,CarlaBWilkerson@gmail.com,New Zealand,Auckland,1010
Richard,Fulton,RichardUFulton@gmail.com,New Zealand,Auckland,1010
Cathie,Reeves,CathieDReeves@gmail.com,New Zealand,Auckland,1010
Michael,Reed,MichaelAReed@gmail.com,New Zealand,Auckland,1010
Shawn,Smith,ShawnJSmith@gmail.com,New Zealand,Auckland,1010
Donald,Meyer,DonaldAMeyer@gmail.com,New Zealand,Auckland,1010
Daniel,Hawk,DanielGHawk@gmail.com,New Zealand,Auckland,1010
Carrie,Christian,CarrieLChristian@gmail.com,New Zealand,Auckland,1010
Lawrence,Kale,LawrenceJKale@gmail.com,New Zealand,Auckland,1010
Jared,Callahan,JaredSCallahan@gmail.com,New Zealand,Auckland,1010
Erica,Metivier,EricaKMetivier@gmail.com,New Zealand,Auckland,1010
Maria,Perkins,MariaJPerkins@gmail.com,New Zealand,Auckland,1010
Patricia,Land,PatriciaHLand@gmail.com,New Zealand,Auckland,1010
Alan,Goodrich,AlanCGoodrich@gmail.com,New Zealand,Auckland,1010
Robert,Young,RobertLYoung@gmail.com,New Zealand,Auckland,1010
Judy,Chapman,JudyCChapman@gmail.com,New Zealand,Auckland,1010
James,Jordan,JamesRJordan@gmail.com,New Zealand,Auckland,1010
Robert,Oquendo,RobertMOquendo@gmail.com,New Zealand,Auckland,1010
Rebecca,Helms,RebeccaRHelms@gmail.com,New Zealand,Auckland,1010
Duane,Thrash,DuaneJThrash@gmail.com,New Zealand,Auckland,1010
Danial,Martin,DanialLMartin@gmail.com,New Zealand,Auckland,1010
Thomas,Langer,ThomasGLanger@gmail.com,New Zealand,Auckland,1010
Madge,Corey,MadgeHCorey@gmail.com,New Zealand,Auckland,1010
Stuart,Richard,StuartKRichard@gmail.com,New Zealand,Auckland,1010
Noemi,Lathem,NoemiCLathem@gmail.com,New Zealand,Auckland,1010
Shirley,Rodgers,ShirleyLRodgers@gmail.com,New Zealand,Auckland,1010
Walter,Zepeda,WalterMZepeda@gmail.com,New Zealand,Auckland,1010
Gabriel,Webb,GabrielJWebb@gmail.com,New Zealand,Auckland,1010
Tim,Brewer,TimPBrewer@gmail.com,New Zealand,Auckland,1010
Charles,Chavez,CharlesRChavez@gmail.com,New Zealand,Auckland,1010
Leonard,Smith,LeonardJSmith@gmail.com,New Zealand,Auckland,1010
Helen,Hawkins,HelenFHawkins@gmail.com,New Zealand,Auckland,1010
Claudia,Sandoval,ClaudiaRSandoval@gmail.com,New Zealand,Auckland,1010
Hector,Haley,HectorMHaley@gmail.com,New Zealand,Auckland,1010
James,Tourville,JamesJTourville@gmail.com,New Zealand,Auckland,1010
Bruce,Pollard,BruceCPollard@gmail.com,New Zealand,Auckland,1010
Bobby,Burnett,BobbyBBurnett@gmail.com,New Zealand,Auckland,1010
Micheal,Reed,MichealMReed@gmail.com,New Zealand,Auckland,1010
Brian,Trahan,BrianSTrahan@gmail.com,New Zealand,Auckland,1010
Pedro,Skelly,PedroJSkelly@gmail.com,New Zealand,Auckland,1010
Roseanne,Greer,RoseanneBGreer@gmail.com,New Zealand,Auckland,1010
Numbers,Bahena,NumbersSBahena@gmail.com,New Zealand,Auckland,1010
Philip,Adams,PhilipCAdams@gmail.com,New Zealand,Auckland,1010
Ryan,Garza,RyanFGarza@gmail.com,New Zealand,Auckland,1010
Barbara,Cook,BarbaraLCook@gmail.com,New Zealand,Auckland,1010
Vanessa,Banuelos,VanessaMBanuelos@gmail.com,New Zealand,Auckland,1010
Jason,Lally,JasonRLally@gmail.com,New Zealand,Auckland,1010
Pamela,Duty,PamelaEDuty@gmail.com,New Zealand,Auckland,1010
William,Smith,WilliamMSmith@gmail.com,New Zealand,Auckland,1010
Mario,Murphy,MarioTMurphy@gmail.com,New Zealand,Auckland,1010
Jim,Barker,JimCBarker@gmail.com,New Zealand,Auckland,1010
Ronald,Evans,RonaldTEvans@gmail.com,New Zealand,Auckland,1010
Todd,Miller,ToddLMiller@gmail.com,New Zealand,Auckland,1010
Mari,Thomas,MariMThomas@gmail.com,New Zealand,Auckland,1010
Maria,Willis,MariaCWillis@gmail.com,New Zealand,Auckland,1010
Margaret,Potts,MargaretTPotts@gmail.com,New Zealand,Auckland,1010
Carolyn,Peabody,CarolynNPeabody@gmail.com,New Zealand,Auckland,1010
Margaret,Brown,MargaretWBrown@gmail.com,New Zealand,Auckland,1010
Joe,Barrett,JoeEBarrett@gmail.com,New Zealand,Auckland,1010
Mike,Tower,MikeGTower@gmail.com,New Zealand,Auckland,1010
Domingo,Torres,DomingoRTorres@gmail.com,New Zealand,Auckland,1010
Rosanne,Williams,RosannePWilliams@gmail.com,New Zealand,Auckland,1010
Kathryn,Manley,KathrynSManley@gmail.com,New Zealand,Auckland,1010
Brendon,Grimes,BrendonKGrimes@gmail.com,New Zealand,Auckland,1010
Elizabeth,Mitchell,ElizabethAMitchell@gmail.com,New Zealand,Auckland,1010
Myron,Watson,MyronSWatson@gmail.com,New Zealand,Auckland,1010
Lori,Hahn,LoriRHahn@gmail.com,New Zealand,Auckland,1010
Thomas,Deaton,ThomasJDeaton@gmail.com,New Zealand,Auckland,1010
Linda,Rikard,LindaTRikard@gmail.com,New Zealand,Auckland,1010
Jessie,Nelson,JessieDNelson@gmail.com,New Zealand,Auckland,1010
Delores,Gross,DeloresJGross@gmail.com,New Zealand,Auckland,1010
Lucia,Ochoa,LuciaHOchoa@gmail.com,New Zealand,Auckland,1010
Juanita,Fitzgerald,JuanitaGFitzgerald@gmail.com,New Zealand,Auckland,1010
Ronald,Donaldson,RonaldBDonaldson@gmail.com,New Zealand,Auckland,1010
Donald,Porter,DonaldNPorter@gmail.com,New Zealand,Auckland,1010
Dianne,Babb,DianneTBabb@gmail.com,New Zealand,Auckland,1010
James,Ruddy,JamesCRuddy@gmail.com,New Zealand,Auckland,1010
Joseph,Cosme,JosephMCosme@gmail.com,New Zealand,Auckland,1010
Imogene,Johnson,ImogeneJJohnson@gmail.com,New Zealand,Auckland,1010
Caitlin,Keys,CaitlinJKeys@gmail.com,New Zealand,Auckland,1010
Kenya,Garr,KenyaDGarr@gmail.com,New Zealand,Auckland,1010
Frank,McGuire,FrankBMcGuire@gmail.com,New Zealand,Auckland,1010
Calvin,Daly,CalvinVDaly@gmail.com,New Zealand,Auckland,1010
James,Ruhl,JamesSRuhl@gmail.com,New Zealand,Auckland,1010
Brent,Mallard,BrentMMallard@gmail.com,New Zealand,Auckland,1010
Robert,McDaniel,RobertNMcDaniel@gmail.com,New Zealand,Auckland,1010
John,Smith,JohnBSmith@gmail.com,New Zealand,Auckland,1010
Judith,Rhodes,JudithJRhodes@gmail.com,New Zealand,Auckland,1010
David,Convery,DavidSConvery@gmail.com,New Zealand,Auckland,1010
Gerald,Fuquay,GeraldDFuquay@gmail.com,New Zealand,Auckland,1010
Curtis,Oliver,CurtisLOliver@gmail.com,New Zealand,Auckland,1010
Megan,Smith,MeganCSmith@gmail.com,New Zealand,Auckland,1010
Amanda,Sloan,AmandaKSloan@gmail.com,New Zealand,Auckland,1010
Violet,Furlow,VioletJFurlow@gmail.com,New Zealand,Auckland,1010
Michelle,Dejesus,MichelleCDejesus@gmail.com,New Zealand,Auckland,1010
Avis,Palmer,AvisSPalmer@gmail.com,New Zealand,Auckland,1010
Matthew,Fondren,MatthewMFondren@gmail.com,New Zealand,Auckland,1010
William,Leedom,WilliamMLeedom@gmail.com,New Zealand,Auckland,1010
Luis,Leath,LuisMLeath@gmail.com,New Zealand,Auckland,1010
Larry,Lopez,LarryDLopez@gmail.com,New Zealand,Auckland,1010
Jonathan,Fairweather,JonathanGFairweather@gmail.com,New Zealand,Auckland,1010
Vanessa,Whaley,VanessaGWhaley@gmail.com,New Zealand,Auckland,1010
John,Roberts,JohnVRoberts@gmail.com,New Zealand,Auckland,1010
Jason,Burgess,JasonABurgess@gmail.com,New Zealand,Auckland,1010
Mary,Young,MaryWYoung@gmail.com,New Zealand,Auckland,1010
Walter,Taylor,WalterLTaylor@gmail.com,New Zealand,Auckland,1010
Shay,Nelson,ShayJNelson@gmail.com,New Zealand,Auckland,1010
James,Ferguson,JamesRFerguson@gmail.com,New Zealand,Auckland,1010
Lillian,Reed,LillianBReed@gmail.com,New Zealand,Auckland,1010
Cathy,Stone,CathyEStone@gmail.com,New Zealand,Auckland,1010
Alva,Johnson,AlvaMJohnson@gmail.com,New Zealand,Auckland,1010
Kimberly,Jordan,KimberlyFJordan@gmail.com,New Zealand,Auckland,1010
Herb,Norman,HerbBNorman@gmail.com,New Zealand,Auckland,1010
Darren,Flynn,DarrenMFlynn@gmail.com,New Zealand,Auckland,1010
Heidi,Calabro,HeidiJCalabro@gmail.com,New Zealand,Auckland,1010
Douglas,George,DouglasBGeorge@gmail.com,New Zealand,Auckland,1010
Wesley,Jacobs,WesleyMJacobs@gmail.com,New Zealand,Auckland,1010
Emma,Driskell,EmmaCDriskell@gmail.com,New Zealand,Auckland,1010
Karla,Hall,KarlaAHall@gmail.com,New Zealand,Auckland,1010
David,Burrows,DavidSBurrows@gmail.com,New Zealand,Auckland,1010
Heidi,Mann,HeidiJMann@gmail.com,New Zealand,Auckland,1010
Tracy,Mora,TracyAMora@gmail.com,New Zealand,Auckland,1010
Doris,Pryor,DorisKPryor@gmail.com,New Zealand,Auckland,1010
Dorothy,Franklin,DorothyJFranklin@gmail.com,New Zealand,Auckland,1010
Michelle,Roberts,MichelleDRoberts@gmail.com,New Zealand,Auckland,1010
Rex,Edgell,RexSEdgell@gmail.com,New Zealand,Auckland,1010
Jackie,Rios,JackieCRios@gmail.com,New Zealand,Auckland,1010
Thomas,Quinn,ThomasCQuinn@gmail.com,New Zealand,Auckland,1010
Barbara,Holiman,BarbaraWHoliman@gmail.com,New Zealand,Auckland,1010
Juanita,Ross,JuanitaRRoss@gmail.com,New Zealand,Auckland,1010
Joseph,Bowlin,JosephMBowlin@gmail.com,New Zealand,Auckland,1010
Bryan,Spano,BryanBSpano@gmail.com,New Zealand,Auckland,1010
Erin,Terry,ErinETerry@gmail.com,New Zealand,Auckland,1010
Irene,Bartz,IreneDBartz@gmail.com,New Zealand,Auckland,1010
Kathy,Huntsman,KathyJHuntsman@gmail.com,New Zealand,Auckland,1010
Jim,Mach,JimAMach@gmail.com,New Zealand,Auckland,1010
Joseph,Andre,JosephLAndre@gmail.com,New Zealand,Auckland,1010
Shirley,Morgan,ShirleySMorgan@gmail.com,New Zealand,Auckland,1010
Edna,Harris,EdnaRHarris@gmail.com,New Zealand,Auckland,1010
Karina,Ortiz,KarinaDOrtiz@gmail.com,New Zealand,Auckland,1010
Brandon,Beers,BrandonHBeers@gmail.com,New Zealand,Auckland,1010
Joseph,Casper,JosephSCasper@gmail.com,New Zealand,Auckland,1010
Josefina,Neubauer,JosefinaSNeubauer@gmail.com,New Zealand,Auckland,1010
Norma,Norton,NormaJNorton@gmail.com,New Zealand,Auckland,1010
Juan,Garcia,JuanSGarcia@gmail.com,New Zealand,Auckland,1010
Michael,Smith,MichaelNSmith@gmail.com,New Zealand,Auckland,1010
Henry,Bates,HenryJBates@gmail.com,New Zealand,Auckland,1010
Marsha,Starnes,MarshaFStarnes@gmail.com,New Zealand,Auckland,1010
Randolph,Skidmore,RandolphSSkidmore@gmail.com,New Zealand,Auckland,1010
Robert,Hofer,RobertAHofer@gmail.com,New Zealand,Auckland,1010
Lynn,Irons,LynnLIrons@gmail.com,New Zealand,Auckland,1010
Cassie,Rosales,CassieSRosales@gmail.com,New Zealand,Auckland,1010
Danial,Gill,DanialLGill@gmail.com,New Zealand,Auckland,1010
Nadene,Wilson,NadeneWWilson@gmail.com,New Zealand,Auckland,1010
Cathleen,Lane,CathleenELane@gmail.com,New Zealand,Auckland,1010
Darrell,Reid,DarrellJReid@gmail.com,New Zealand,Auckland,1010
Tracy,Coleman,TracyFColeman@gmail.com,New Zealand,Auckland,1010
George,Godbout,GeorgePGodbout@gmail.com,New Zealand,Auckland,1010
Edna,Wood,EdnaKWood@gmail.com,New Zealand,Auckland,1010
Enrique,Rife,EnriqueLRife@gmail.com,New Zealand,Auckland,1010
Annie,Murray,AnnieRMurray@gmail.com,New Zealand,Auckland,1010
Gary,Downard,GaryCDownard@gmail.com,New Zealand,Auckland,1010
William,Hill,WilliamHHill@gmail.com,New Zealand,Auckland,1010
Andrea,Redding,AndreaDRedding@gmail.com,New Zealand,Auckland,1010
Ryan,Cooke,RyanACooke@gmail.com,New Zealand,Auckland,1010
Karen,Embry,KarenFEmbry@gmail.com,New Zealand,Auckland,1010
Mable,Santibanez,MableTSantibanez@gmail.com,New Zealand,Auckland,1010
Valerie,Groves,ValerieTGroves@gmail.com,New Zealand,Auckland,1010
Bernice,Morris,BerniceGMorris@gmail.com,New Zealand,Auckland,1010
Miguel,Fackler,MiguelLFackler@gmail.com,New Zealand,Auckland,1010
Elmer,Davis,ElmerBDavis@gmail.com,New Zealand,Auckland,1010
Matthew,Marshall,MatthewAMarshall@gmail.com,New Zealand,Auckland,1010
Colleen,Wilks,ColleenBWilks@gmail.com,New Zealand,Auckland,1010
Valerie,Korth,ValerieSKorth@gmail.com,New Zealand,Auckland,1010
Walter,May,WalterLMay@gmail.com,New Zealand,Auckland,1010
Natalie,Smallwood,NatalieGSmallwood@gmail.com,New Zealand,Auckland,1010
Nathaniel,Gibbs,NathanielRGibbs@gmail.com,New Zealand,Auckland,1010
Frances,Kirkpatrick,FrancesEKirkpatrick@gmail.com,New Zealand,Auckland,1010
Carolyn,Fortson,CarolynJFortson@gmail.com,New Zealand,Auckland,1010
Joan,Howard,JoanDHoward@gmail.com,New Zealand,Auckland,1010
James,Miller,JamesYMiller@gmail.com,New Zealand,Auckland,1010
Kurt,Lee,KurtLLee@gmail.com,New Zealand,Auckland,1010
Carolyn,Kroll,CarolynRKroll@gmail.com,New Zealand,Auckland,1010
Patricia,Woodell,PatriciaCWoodell@gmail.com,New Zealand,Auckland,1010
Marisol,Everett,MarisolJEverett@gmail.com,New Zealand,Auckland,1010
Ronnie,Pellegrino,RonnieDPellegrino@gmail.com,New Zealand,Auckland,1010
Ruth,Lindsey,RuthCLindsey@gmail.com,New Zealand,Auckland,1010
Kira,Hayworth,KiraDHayworth@gmail.com,New Zealand,Auckland,1010
Romana,Arias,RomanaDArias@gmail.com,New Zealand,Auckland,1010
Jane,Sims,JaneBSims@gmail.com,New Zealand,Auckland,1010
Tobias,Hawes,TobiasCHawes@gmail.com,New Zealand,Auckland,1010
Lois,Bowens,LoisEBowens@gmail.com,New Zealand,Auckland,1010
Donald,Moreno,DonaldWMoreno@gmail.com,New Zealand,Auckland,1010
Kevin,McLean,KevinFMcLean@gmail.com,New Zealand,Auckland,1010
Heidi,Amos,HeidiRAmos@gmail.com,New Zealand,Auckland,1010
Josephine,Bennett,JosephineCBennett@gmail.com,New Zealand,Auckland,1010
Sandra,Blauvelt,SandraMBlauvelt@gmail.com,New Zealand,Auckland,1010
Billy,Castillo,BillyJCastillo@gmail.com,New Zealand,Auckland,1010
Kathryn,Connor,KathrynKConnor@gmail.com,New Zealand,Auckland,1010
Latricia,Gonzalez,LatriciaJGonzalez@gmail.com,New Zealand,Auckland,1010
Ruth,Chang,RuthMChang@gmail.com,New Zealand,Auckland,1010
Tabatha,Hare,TabathaJHare@gmail.com,New Zealand,Auckland,1010
Gloria,Harris,GloriaMHarris@gmail.com,New Zealand,Auckland,1010
George,Rubino,GeorgeHRubino@gmail.com,New Zealand,Auckland,1010
Louis,Green,LouisBGreen@gmail.com,New Zealand,Auckland,1010
Camille,Lykins,CamilleSLykins@gmail.com,New Zealand,Auckland,1010
Darryl,Parramore,DarrylJParramore@gmail.com,New Zealand,Auckland,1010
Terri,Santiago,TerriMSantiago@gmail.com,New Zealand,Auckland,1010
Yolando,Joseph,YolandoEJoseph@gmail.com,New Zealand,Auckland,1010
Timothy,Wood,TimothySWood@gmail.com,New Zealand,Auckland,1010
Alexander,Casares,AlexanderKCasares@gmail.com,New Zealand,Auckland,1010
Joan,Politte,JoanRPolitte@gmail.com,New Zealand,Auckland,1010
Clifford,Trinh,CliffordCTrinh@gmail.com,New Zealand,Auckland,1010
Andrew,Dayton,AndrewJDayton@gmail.com,New Zealand,Auckland,1010
Mary,Johns,MaryDJohns@gmail.com,New Zealand,Auckland,1010
John,Bednar,JohnLBednar@gmail.com,New Zealand,Auckland,1010
Oscar,Biddle,OscarBBiddle@gmail.com,New Zealand,Auckland,1010
Donald,Carroll,DonaldSCarroll@gmail.com,New Zealand,Auckland,1010
Sarah,Way,SarahCWay@gmail.com,New Zealand,Auckland,1010
Evelyn,Phillips,EvelynHPhillips@gmail.com,New Zealand,Auckland,1010
Roberta,Cook,RobertaKCook@gmail.com,New Zealand,Auckland,1010
Jerry,Rasmussen,JerryGRasmussen@gmail.com,New Zealand,Auckland,1010
Manuel,Ruff,ManuelERuff@gmail.com,New Zealand,Auckland,1010
Ashley,Siders,AshleyCSiders@gmail.com,New Zealand,Auckland,1010
Richard,Shelton,RichardAShelton@gmail.com,New Zealand,Auckland,1010
Heather,Skidmore,HeatherDSkidmore@gmail.com,New Zealand,Auckland,1010
Monique,Guevara,MoniqueBGuevara@gmail.com,New Zealand,Auckland,1010
Dwight,Hedges,DwightMHedges@gmail.com,New Zealand,Auckland,1010
Jeffrey,Gutierrez,JeffreyMGutierrez@gmail.com,New Zealand,Auckland,1010
Gene,Barrington,GeneLBarrington@gmail.com,New Zealand,Auckland,1010
Charles,Heaton,CharlesRHeaton@gmail.com,New Zealand,Auckland,1010
Dave,Thompson,DavePThompson@gmail.com,New Zealand,Auckland,1010
Amber,Smith,AmberRSmith@gmail.com,New Zealand,Auckland,1010
Mark,Gallegos,MarkSGallegos@gmail.com,New Zealand,Auckland,1010
Barry,Benham,BarryABenham@gmail.com,New Zealand,Auckland,1010
Tommie,Benham,TommieVBenham@gmail.com,New Zealand,Auckland,1010
Timothy,Meadows,TimothyTMeadows@gmail.com,New Zealand,Auckland,1010
James,Vincent,JamesKVincent@gmail.com,New Zealand,Auckland,1010
Sandi,McCoy,SandiDMcCoy@gmail.com,New Zealand,Auckland,1010
Dorothy,Federico,DorothyGFederico@gmail.com,New Zealand,Auckland,1010
Juan,Harmon,JuanMHarmon@gmail.com,New Zealand,Auckland,1010
Freddie,Bastian,FreddieRBastian@gmail.com,New Zealand,Auckland,1010
Carol,Howser,CarolTHowser@gmail.com,New Zealand,Auckland,1010
Neville,Marvin,NevilleDMarvin@gmail.com,New Zealand,Auckland,1010
Barbara,Andrews,BarbaraKAndrews@gmail.com,New Zealand,Auckland,1010
Sheena,Murakami,SheenaSMurakami@gmail.com,New Zealand,Auckland,1010
Joe,Bull,JoeCBull@gmail.com,New Zealand,Auckland,1010
Lucy,Stanberry,LucyRStanberry@gmail.com,New Zealand,Auckland,1010
John,Quint,JohnPQuint@gmail.com,New Zealand,Auckland,1010
Vincent,Bailey,VincentLBailey@gmail.com,New Zealand,Auckland,1010
Rebecca,Jones,RebeccaDJones@gmail.com,New Zealand,Auckland,1010
Rebecca,Pennington,RebeccaRPennington@gmail.com,New Zealand,Auckland,1010
Rosa,Jones,RosaGJones@gmail.com,New Zealand,Auckland,1010
William,Askew,WilliamFAskew@gmail.com,New Zealand,Auckland,1010
George,Shoults,GeorgeSShoults@gmail.com,New Zealand,Auckland,1010
Henry,McGee,HenryTMcGee@gmail.com,New Zealand,Auckland,1010
Kevin,Green,KevinMGreen@gmail.com,New Zealand,Auckland,1010
James,Tynan,JamesRTynan@gmail.com,New Zealand,Auckland,1010
Carolyn,Host,CarolynDHost@gmail.com,New Zealand,Auckland,1010
Shirley,Roesler,ShirleyARoesler@gmail.com,New Zealand,Auckland,1010
Amy,Erickson,AmyBErickson@gmail.com,New Zealand,Auckland,1010
Ofelia,Large,OfeliaLLarge@gmail.com,New Zealand,Auckland,1010
John,Alldredge,JohnGAlldredge@gmail.com,New Zealand,Auckland,1010
Robert,Blackman,RobertMBlackman@gmail.com,New Zealand,Auckland,1010
Lena,Mundy,LenaFMundy@gmail.com,New Zealand,Auckland,1010
Marcus,Reeves,MarcusSReeves@gmail.com,New Zealand,Auckland,1010
Orlando,Lieber,OrlandoKLieber@gmail.com,New Zealand,Auckland,1010
Deborah,Loy,DeborahTLoy@gmail.com,New Zealand,Auckland,1010
Hattie,Gardner,HattieJGardner@gmail.com,New Zealand,Auckland,1010
Sonia,White,SoniaJWhite@gmail.com,New Zealand,Auckland,1010
Elizabeth,Rainey,ElizabethPRainey@gmail.com,New Zealand,Auckland,1010
Michael,Johnson,MichaelPJohnson@gmail.com,New Zealand,Auckland,1010
Mary,Brown,MaryJBrown@gmail.com,New Zealand,Auckland,1010
Jessie,McKenzie,JessieJMcKenzie@gmail.com,New Zealand,Auckland,1010
Janice,Dotts,JaniceJDotts@gmail.com,New Zealand,Auckland,1010
David,Wolff,DavidAWolff@gmail.com,New Zealand,Auckland,1010
Betty,Poole,BettyCPoole@gmail.com,New Zealand,Auckland,1010
Lashawnda,Santiago,LashawndaCSantiago@gmail.com,New Zealand,Auckland,1010
Carol,Altman,CarolJAltman@gmail.com,New Zealand,Auckland,1010
Ronald,Dorrough,RonaldMDorrough@gmail.com,New Zealand,Auckland,1010
Charles,Jasper,CharlesBJasper@gmail.com,New Zealand,Auckland,1010
Cheryl,Larsen,CherylKLarsen@gmail.com,New Zealand,Auckland,1010
Dexter,Horton,DexterJHorton@gmail.com,New Zealand,Auckland,1010
Leonard,Hall,LeonardLHall@gmail.com,New Zealand,Auckland,1010
Heidi,Simmons,HeidiGSimmons@gmail.com,New Zealand,Auckland,1010
Edith,McGee,EdithLMcGee@gmail.com,New Zealand,Auckland,1010
Tracey,Epps,TraceyAEpps@gmail.com,New Zealand,Auckland,1010
Travis,Edwards,TravisSEdwards@gmail.com,New Zealand,Auckland,1010
Charles,Martinson,CharlesSMartinson@gmail.com,New Zealand,Auckland,1010
Elaine,Shannon,ElaineAShannon@gmail.com,New Zealand,Auckland,1010
Edith,Mason,EdithWMason@gmail.com,New Zealand,Auckland,1010
Barbara,Evans,BarbaraCEvans@gmail.com,New Zealand,Auckland,1010
Richard,Ellison,RichardMEllison@gmail.com,New Zealand,Auckland,1010
Peter,Xie,PeterSXie@gmail.com,New Zealand,Auckland,1010
Sandra,Gehring,SandraRGehring@gmail.com,New Zealand,Auckland,1010
Charles,Bogart,CharlesHBogart@gmail.com,New Zealand,Auckland,1010
Laura,Dowe,LauraMDowe@gmail.com,New Zealand,Auckland,1010
Barbara,Castonguay,BarbaraJCastonguay@gmail.com,New Zealand,Auckland,1010
Deborah,Musselman,DeborahJMusselman@gmail.com,New Zealand,Auckland,1010
Maureen,Langdon,MaureenJLangdon@gmail.com,New Zealand,Auckland,1010
Kip,Beck,KipDBeck@gmail.com,New Zealand,Auckland,1010
Victoria,Chacon,VictoriaHChacon@gmail.com,New Zealand,Auckland,1010
Stanley,Sam,StanleyASam@gmail.com,New Zealand,Auckland,1010
James,Paul,JamesCPaul@gmail.com,New Zealand,Auckland,1010
Johnnie,Bender,JohnnieJBender@gmail.com,New Zealand,Auckland,1010
Hilda,Baldwin,HildaMBaldwin@gmail.com,New Zealand,Auckland,1010
Terrence,Nottingham,TerrenceMNottingham@gmail.com,New Zealand,Auckland,1010
Martin,Peterson,MartinSPeterson@gmail.com,New Zealand,Auckland,1010
Gerard,Lambert,GerardSLambert@gmail.com,New Zealand,Auckland,1010
Valerie,Redding,ValerieKRedding@gmail.com,New Zealand,Auckland,1010
Tina,Brooks,TinaJBrooks@gmail.com,New Zealand,Auckland,1010
Robert,Ratcliff,RobertMRatcliff@gmail.com,New Zealand,Auckland,1010
Kenneth,Hart,KennethLHart@gmail.com,New Zealand,Auckland,1010
James,Ford,JamesJFord@gmail.com,New Zealand,Auckland,1010
Brian,Cummins,BrianDCummins@gmail.com,New Zealand,Auckland,1010
Jeremiah,Munos,JeremiahEMunos@gmail.com,New Zealand,Auckland,1010
Dennis,Martinez,DennisLMartinez@gmail.com,New Zealand,Auckland,1010
Leslie,Amos,LesliePAmos@gmail.com,New Zealand,Auckland,1010
Kent,Skinner,KentCSkinner@gmail.com,New Zealand,Auckland,1010
Adelina,Hinton,AdelinaAHinton@gmail.com,New Zealand,Auckland,1010
Wanda,Hopkins,WandaDHopkins@gmail.com,New Zealand,Auckland,1010
Janet,Diggs,JanetWDiggs@gmail.com,New Zealand,Auckland,1010
James,Otten,JamesMOtten@gmail.com,New Zealand,Auckland,1010
Debra,Brown,DebraTBrown@gmail.com,New Zealand,Auckland,1010
David,Macdonald,DavidMMacdonald@gmail.com,New Zealand,Auckland,1010
Derrick,Jones,DerrickKJones@gmail.com,New Zealand,Auckland,1010
John,Maddox,JohnPMaddox@gmail.com,New Zealand,Auckland,1010
Susan,Jones,SusanJJones@gmail.com,New Zealand,Auckland,1010
Alison,Ward,AlisonJWard@gmail.com,New Zealand,Auckland,1010
Della,McCombs,DellaRMcCombs@gmail.com,New Zealand,Auckland,1010
Vera,Gilles,VeraSGilles@gmail.com,New Zealand,Auckland,1010